12921,545023,CHILDRENS CUTLERY RETROSPOT RED,3
12921,561794,JUMBO BAG PINK VINTAGE PAISLEY,3
12921,577741,HAND WARMER BIRD DESIGN,3
12921,578485,JUMBO BAG ALPHABET,3
12921,578485,CHILDRENS CUTLERY DOLLY GIRL,3
12921,552715,REGENCY TEA PLATE PINK,3
12921,561906,BLUE POLKADOT CUP,3
12921,566721,CHRISTMAS LIGHTS 10 REINDEER,3
12921,566721,BUTTON BOX,3
12921,543759,T-LIGHT GLASS FLUTED ANTIQUE,3
12921,552715,ANTIQUE GLASS PEDESTAL BOWL,3
12921,556021,LUNCH BAG PINK POLKADOT,3
12921,536561,HAND WARMER BIRD DESIGN,3
12921,545154,REGENCY CAKESTAND 3 TIER,3
12921,579843,VINTAGE UNION JACK BUNTING,3
12921,552185,CHILDRENS CUTLERY RETROSPOT RED,3
12921,565318,RED VINTAGE SPOT BEAKER,3
12921,578485,CHILDRENS CUTLERY SPACEBOY,3
12921,579843,LUNCH BAG RED RETROSPOT,3
12921,565317,JUMBO STORAGE BAG SUKI,3
12921,575199,LUNCH BAG RED RETROSPOT,3
12921,552186,ASSORTED COLOUR BIRD ORNAMENT,3
12921,565317,NATURAL SLATE HEART CHALKBOARD,3
12921,572451,COLOUR GLASS T-LIGHT HOLDER HANGING,3
12921,572451,CANDLE HOLDER SILVER MADELINE,3
12921,578485,JUMBO BAG SPACEBOY DESIGN,3
12921,552716,CHILDRENS CUTLERY POLKADOT BLUE,3
12921,578485,HANGING JAM JAR T-LIGHT HOLDERS,3
12921,536561,RED TOADSTOOL LED NIGHT LIGHT,3
12921,537683,RED 3 PIECE RETROSPOT CUTLERY SET,3
12921,540149,HANGING JAM JAR T-LIGHT HOLDER,3
12921,545023,TEA TIME DES TEA COSY,3
12921,558879,EMBOSSED GLASS TEALIGHT HOLDER,3
12921,567145,RED RETROSPOT PEG BAG,3
12921,572452,SET/20 RED RETROSPOT PAPER NAPKINS,3
12921,578485,LUNCH BAG APPLE DESIGN,3
12921,536561,HAND WARMER RED RETROSPOT,3
12921,545154,FELTCRAFT BUTTERFLY HEARTS,3
12921,547066,SET/10 IVORY POLKADOT PARTY CANDLES,3
12921,547066,SET/6 RED SPOTTY PAPER PLATES,3
12921,552186,SINGLE HEART ZINC T-LIGHT HOLDER,3
12921,556021,GREEN POLKADOT PLATE,3
12921,572453,DOG AND BALL WALL ART,3
12921,577741,RABBIT NIGHT LIGHT,3
12921,552185,SET/6 RED SPOTTY PAPER CUPS,3
12921,540149,PINK 3 PIECE POLKADOT CUTLERY SET,3
12921,567145,LUNCH BAG SPACEBOY DESIGN,3
12921,559144,BLUE VINTAGE SPOT BEAKER,3
12921,575199,PINK POLKADOT PLATE,3
12921,578485,ASSORTED COLOUR BIRD ORNAMENT,3
12921,561906,RED RETROSPOT PEG BAG,3
12921,566721,PAPER CHAIN KIT 50'S CHRISTMAS,3
12921,540149,RED 3 PIECE RETROSPOT CUTLERY SET,3
12921,561906,FELTCRAFT DOLL MOLLY,3
12921,566721,FELTCRAFT GIRL AMELIE KIT,3
12921,578485,CHILDRENS CUTLERY POLKADOT PINK,3
12921,545022,PINK BLUE FELT CRAFT TRINKET BOX,3
12921,556021,SET/6 RED SPOTTY PAPER CUPS,3
12921,558879,ASSORTED COLOUR BIRD ORNAMENT,3
12921,575199,CHILDRENS CUTLERY POLKADOT GREEN,3
12921,537683,PINK 3 PIECE POLKADOT CUTLERY SET,3
12921,572452,OVEN MITT APPLES DESIGN,3
12921,575199,PACK OF 60 SPACEBOY CAKE CASES,3
12921,545023,PAPER BUNTING RETROSPOT,3
12921,547066,PACK OF 72 RETROSPOT CAKE CASES,3
12921,556021,RED RETROSPOT SHOPPER BAG,3
12921,558879,JUMBO BAG RED RETROSPOT,3
12921,558879,PINK POLKADOT BOWL,3
12921,561794,NATURAL SLATE HEART CHALKBOARD,3
12921,561906,CHILDRENS APRON APPLES DESIGN,3
12921,567145,JUMBO BAG SPACEBOY DESIGN,3
12921,561906,SET OF 36 DOILIES PANTRY DESIGN,3
12921,579843,JUMBO BAG SPACEBOY DESIGN,3
12921,579846,HAND WARMER BIRD DESIGN,3
12921,545154,FELTCRAFT PRINCESS CHARLOTTE DOLL,3
12921,547067,JUMBO BAG RED RETROSPOT,3
12921,559146,GREEN METAL BOX ARMY SUPPLIES,3
12921,579846,3 STRIPEY MICE FELTCRAFT,3
12921,536561,POPPY'S PLAYHOUSE BEDROOM,3
12921,545022,ANTIQUE GLASS DRESSING TABLE POT,3
12921,552715,3 STRIPEY MICE FELTCRAFT,3
12921,561906,72 SWEETHEART FAIRY CAKE CASES,3
12921,543759,ANTIQUE SILVER TEA GLASS ETCHED,3
12921,552715,RED TOADSTOOL LED NIGHT LIGHT,3
12921,565318,BISCUIT TIN VINTAGE CHRISTMAS,3
12921,572451,JUMBO BAG PINK POLKADOT,3
12921,545022,ROSES REGENCY TEACUP AND SAUCER,3
12921,545023,72 SWEETHEART FAIRY CAKE CASES,3
12921,567145,PACK OF 72 RETROSPOT CAKE CASES,3
12921,545154,LIGHT GARLAND BUTTERFILES PINK,3
12921,552185,LUNCH BAG RED RETROSPOT,3
12921,552185,SET/2 RED RETROSPOT TEA TOWELS,3
12921,552186,JUMBO STORAGE BAG SUKI,3
12921,559144,CHILDRENS CUTLERY POLKADOT PINK,3
12921,579843,VICTORIAN GLASS HANGING T-LIGHT,3
12921,540149,72 SWEETHEART FAIRY CAKE CASES,3
12921,545022,ALARM CLOCK BAKELIKE PINK,3
12921,545154,DELUXE SEWING KIT,3
12921,547066,LUNCH BAG RED RETROSPOT,3
12921,547066,LUNCH BAG CARS BLUE,3
12921,552185,RED RETROSPOT PEG BAG,3
12921,545022,GIRLS VINTAGE TIN SEASIDE BUCKET,3
12921,545023,LUNCH BAG CARS BLUE,3
12921,545023,SET/20 RED RETROSPOT PAPER NAPKINS,3
12921,545154,POPPY'S PLAYHOUSE BEDROOM,3
12921,552185,BOX OF 24 COCKTAIL PARASOLS,3
12921,575199,SET/6 RED SPOTTY PAPER CUPS,3
12921,545022,FELTCRAFT BUTTERFLY HEARTS,3
12921,545023,HANGING HEART ZINC T-LIGHT HOLDER,3
12921,552715,FELTCRAFT HAIRBANDS PINK AND WHITE,3
12921,578485,CHILDRENS CUTLERY CIRCUS PARADE,3
12921,543759,HANGING JAM JAR T-LIGHT HOLDER,3
12921,559146,JUMBO BAG STRAWBERRY,3
12921,561817,JUMBO BAG PINK VINTAGE PAISLEY,3
12921,567145,ASSORTED COLOUR BIRD ORNAMENT,3
12921,561794,GLASS HEART T-LIGHT HOLDER,3
12921,575199,CHILDRENS APRON SPACEBOY DESIGN,3
12921,575199,ADULT APRON APPLE DELIGHT,3
12921,547066,RED SPOTTY BISCUIT TIN,3
12921,559146,JUMBO BAG PINK POLKADOT,3
12921,561906,60 TEATIME FAIRY CAKE CASES,3
12921,545023,CHILDRENS CUTLERY POLKADOT GREEN,3
12921,561817,SPOTTY BUNTING,3
12921,575199,PACK OF 72 SKULL CAKE CASES,3
12921,579846,WOODEN OWLS LIGHT GARLAND,3
12921,559146,JUMBO BAG RED RETROSPOT,3
12921,561794,BLUE POLKADOT CUP,3
12921,561906,RED RETROSPOT OVEN GLOVE,3
12921,567145,HANGING METAL HEART LANTERN,3
12921,547066,SET OF 36 PAISLEY FLOWER DOILIES,3
12921,565318,PINK VINTAGE SPOT BEAKER,3
12921,578485,HANGING HEART JAR T-LIGHT HOLDER,3
12921,537683,RED RETROSPOT ROUND CAKE TINS,3
12921,561906,STRAWBERRY CERAMIC TRINKET BOX,3
12921,572451,FRENCH BLUE METAL DOOR SIGN 0,3
12921,572453,CAT AND BIRD WALL ART,3
12921,566774,WOOD 2 DRAWER CABINET WHITE FINISH,3
12921,567145,CHILDRENS CUTLERY SPACEBOY,3
12921,572451,JUMBO BAG SCANDINAVIAN BLUE PAISLEY,3
12921,540149,SET/5 RED RETROSPOT LID GLASS BOWLS,3
12921,561794,JUMBO BAG VINTAGE LEAF,3
12921,572452,PACK OF 6 SKULL PAPER CUPS,3
12921,575199,CHILDRENS CUTLERY SPACEBOY,3
12921,552186,VICTORIAN GLASS HANGING T-LIGHT,3
12921,561906,LUNCH BAG DOILEY PATTERN,3
12921,572451,FRENCH BLUE METAL DOOR SIGN 5,3
12921,578485,LUNCH BAG  BLACK SKULL.,3
12921,561794,CHILDRENS APRON SPACEBOY DESIGN,3
12921,572452,SET/10 RED POLKADOT PARTY CANDLES,3
12921,575199,RED RETROSPOT BOWL,3
12921,536561,PLASTERS IN TIN SPACEBOY,3
12921,559146,JUMBO BAG VINTAGE LEAF,3
12921,561906,SPACEBOY LUNCH BOX,3
12921,545023,TEA TIME OVEN GLOVE,3
12921,552186,PAPER LANTERN 9 POINT SNOW STAR,3
12921,556022,REGENCY TEA PLATE PINK,3
12921,567145,LUNCH BAG  BLACK SKULL.,3
12921,572452,SKULLS PARTY BAG + STICKER SET,3
12921,545022,PLASTERS IN TIN VINTAGE PAISLEY,3
12921,567145,NATURAL SLATE HEART CHALKBOARD,3
12921,572451,FRENCH BLUE METAL DOOR SIGN 6,3
12921,579846,RABBIT NIGHT LIGHT,3
12921,545022,3 STRIPEY MICE FELTCRAFT,3
12921,575199,JUMBO BAG APPLES,3
12921,552186,PAPER LANTERN 7 POINT SNOW STAR,3
12921,559144,GREEN VINTAGE SPOT BEAKER,3
12921,575199,LUNCH BAG PINK POLKADOT,3
12921,540149,TEA TIME OVEN GLOVE,3
12921,540149,GREEN 3 PIECE POLKADOT CUTLERY SET,3
12921,572451,SPOTTY BUNTING,3
12921,575199,LUNCH BAG SPACEBOY DESIGN,3
12921,566721,PICTURE DOMINOES,3
12921,579843,NATURAL SLATE HEART CHALKBOARD,3
12921,559144,RED RETROSPOT CUP,3
12921,561906,PACK OF 72 RETROSPOT CAKE CASES,3
12921,566721,DELUXE SEWING KIT,3
12921,567145,TEA TIME OVEN GLOVE,3
12921,567145,CHILDRENS CUTLERY DOLLY GIRL,3
12921,543759,JUMBO BAG RED RETROSPOT,3
12921,545022,FELTCRAFT DOLL MOLLY,3
12921,552715,PINK BLUE FELT CRAFT TRINKET BOX,3
12921,565317,RED METAL BOX TOP SECRET,3
12921,556021,JUMBO BAG RED RETROSPOT,3
12921,559144,SET OF 60 PANTRY DESIGN CAKE CASES,3
12921,567145,LUNCH BAG VINTAGE DOILY,3
12921,572451,T-LIGHT HOLDER SILVER PETIT FOUR,3
12921,579846,TOADSTOOL BEDSIDE LIGHT,3
12921,559144,CHILDRENS CUTLERY POLKADOT GREEN,3
12921,559146,JUMBO BAG APPLES,3
12921,559146,HANGING HEART JAR T-LIGHT HOLDER,3
12921,566721,3 STRIPEY MICE FELTCRAFT,3
12921,579843,GREEN METAL BOX ARMY SUPPLIES,3
12921,537683,RED RETROSPOT CUP,3
12921,547066,PACK OF 60 SPACEBOY CAKE CASES,3
12921,559144,CHILDRENS CUTLERY RETROSPOT RED,3
12921,579843,JUMBO BAG VINTAGE DOILY,3
12921,536561,HAND WARMER SCOTTY DOG DESIGN,3
12921,543759,JUMBO BAG SPACEBOY DESIGN,3
12921,565318,SPACEBOY LUNCH BOX,3
12921,552186,ZINC T-LIGHT HOLDER STAR LARGE,3
12921,572451,FRENCH BLUE METAL DOOR SIGN 1,3
12921,537683,PINK  POLKADOT CUP,3
12921,552186,PINK BABY BUNTING,3
12921,552186,NATURAL SLATE HEART CHALKBOARD,3
12921,575199,CHILDRENS CUTLERY RETROSPOT RED,3
12921,577741,TRADITIONAL NAUGHTS & CROSSES,3
12921,552185,BLUE POLKADOT CUP,3
12921,561906,SET OF 3 CAKE TINS SKETCHBOOK,3
12921,537683,SWEETHEART CERAMIC TRINKET BOX,3
12921,545023,JUMBO BAG SPACEBOY DESIGN,3
12921,566721,WOODEN SCHOOL COLOURING SET,3
12921,577741,PLASTERS IN TIN SPACEBOY,3
12921,579846,FELTCRAFT PRINCESS CHARLOTTE DOLL,3
12921,537683,BLUE POLKADOT CUP,3
12921,561794,LUNCH BAG APPLE DESIGN,3
12921,561794,HANGING HEART ZINC T-LIGHT HOLDER,3
12921,567145,EMBOSSED GLASS TEALIGHT HOLDER,3
12921,545022,LIGHT GARLAND BUTTERFILES PINK,3
12921,561906,PACK OF 60 PINK PAISLEY CAKE CASES,3
12921,572451,MULTI COLOUR SILVER T-LIGHT HOLDER,3
12921,537683,SET/10 PINK POLKADOT PARTY CANDLES,3
12921,561906,LUNCH BAG APPLE DESIGN,3
12921,545022,PLASTERS IN TIN WOODLAND ANIMALS,3
12921,558879,PINK BABY BUNTING,3
12921,561794,ASSORTED COLOUR T-LIGHT HOLDER,3
12921,572451,FRENCH ENAMEL CANDLEHOLDER,3
12921,575198,PAPER CHAIN KIT 50'S CHRISTMAS,3
12921,577741,BUTTON BOX,3
12921,552186,MULTI COLOUR SILVER T-LIGHT HOLDER,3
12921,556021,GREEN POLKADOT BOWL,3
12921,558880,SET OF 3 REGENCY CAKE TINS,3
12921,575199,CHILDRENS APRON APPLES DESIGN,3
12921,578485,LUNCH BAG CARS BLUE,3
12921,540149,JUMBO BAG RED RETROSPOT,3
12921,545023,SET/6 RED SPOTTY PAPER CUPS,3
12921,552185,PACK OF 6 SKULL PAPER PLATES,3
12921,552186,HANGING HEART JAR T-LIGHT HOLDER,3
12921,561794,JUMBO BAG APPLES,3
12921,565317,GREEN METAL BOX ARMY SUPPLIES,3
12921,565317,HANGING CLEAR MINI BOTTLE,3
12921,572451,ASSORTED COLOUR BIRD ORNAMENT,3
12921,545022,DELUXE SEWING KIT,3
12921,558879,NATURAL SLATE HEART CHALKBOARD,3
12921,561906,LUNCH BAG SPACEBOY DESIGN,3
12921,567145,PACK OF 72 SKULL CAKE CASES,3
12921,547066,RED RETROSPOT CUP,3
12921,558879,ANTIQUE SILVER T-LIGHT GLASS,3
12921,559146,JUMBO BAG SCANDINAVIAN BLUE PAISLEY,3
12921,545022,RED  HARMONICA IN BOX,3
12921,545023,MULTI COLOUR SILVER T-LIGHT HOLDER,3
12921,561906,SET/5 RED RETROSPOT LID GLASS BOWLS,3
12921,565317,SET OF 4 KNICK KNACK TINS DOILY,3
12921,577741,PAPER CHAIN KIT 50'S CHRISTMAS,3
12921,540149,SWEETHEART CERAMIC TRINKET BOX,3
12921,545023,JUMBO BAG STRAWBERRY,3
12921,547067,JUMBO  BAG BAROQUE BLACK WHITE,3
12921,547067,JUMBO BAG PINK VINTAGE PAISLEY,3
12921,556022,SET OF 3 REGENCY CAKE TINS,3
12921,572451,JUMBO BAG SPACEBOY DESIGN,3
12921,561794,BOX OF 24 COCKTAIL PARASOLS,3
12921,545022,MAKE YOUR OWN FLOWERPOWER CARD KIT,3
12921,561817,ASSORTED COLOUR BIRD ORNAMENT,3
12921,566774,CHRISTMAS LIGHTS 10 SANTAS,3
12921,578485,JUMBO BAG RED RETROSPOT,3
12921,561817,JUMBO BAG APPLES,3
12921,565317,JUMBO BAG ALPHABET,3
12921,572451,SWEETHEART BIRD HOUSE,3
12921,579843,SPOTTY BUNTING,3
12921,545023,COLOUR GLASS T-LIGHT HOLDER HANGING,3
12921,547066,72 SWEETHEART FAIRY CAKE CASES,3
12921,547067,JUMBO STORAGE BAG SUKI,3
12921,552185,TEA TIME DES TEA COSY,3
12921,552185,SET/6 RED SPOTTY PAPER PLATES,3
12921,559144,PACK OF 6 LARGE FRUIT STRAWS,3
12921,566721,BINGO SET,3
12921,566774,3D CHRISTMAS STAMPS STICKERS,3
12921,572452,JAM JAR WITH GREEN LID,3
12921,552186,RIDGED GLASS T-LIGHT HOLDER,3
12921,561817,JUMBO BAG RED RETROSPOT,3
12921,572453,MINI LIGHTS WOODLAND MUSHROOMS,3
12921,579843,ASSORTED COLOUR BIRD ORNAMENT,3
12921,579846,WOODEN BOX OF DOMINOES,3
12921,552185,CHILDRENS CUTLERY POLKADOT PINK,3
12921,567145,TEA TIME DES TEA COSY,3
12921,572452,PACK OF 6 LARGE FRUIT STRAWS,3
12921,572452,VINTAGE RED TRIM ENAMEL BOWL,3
12921,572452,ADULT APRON APPLE DELIGHT,3
12921,561794,JUMBO BAG ALPHABET,3
12921,561794,RETROSPOT CHILDRENS APRON,3
12921,572452,JAM JAR WITH PINK LID,3
12921,575199,PINK FAIRY CAKE CHILDRENS APRON,3
12921,545154,MAKE YOUR OWN FLOWERPOWER CARD KIT,3
12921,578485,RED METAL BOX TOP SECRET,3
12921,545023,JUMBO BAG SCANDINAVIAN BLUE PAISLEY,3
12921,545154,BUTTON BOX,3
12921,561906,LUNCH BAG PINK POLKADOT,3
12921,579843,RED METAL BOX TOP SECRET,3
12921,545154,WOODEN SCHOOL COLOURING SET,3
12921,565318,LUNCH BAG SPACEBOY DESIGN,3
12921,545022,POPPY'S PLAYHOUSE KITCHEN,3
12921,558879,VICTORIAN GLASS HANGING T-LIGHT,3
12921,565317,JUMBO BAG VINTAGE DOILY,3
12921,566721,LIGHT GARLAND BUTTERFILES PINK,3
12921,566774,CHRISTMAS LIGHTS 10 REINDEER,3
12921,566774,CHRISTMAS CRAFT WHITE FAIRY,3
12921,575198,MINI LIGHTS WOODLAND MUSHROOMS,3
12921,536561,FELTCRAFT DOLL EMILY,3
12921,552185,BLUE POLKADOT BOWL,3
12921,556021,JUMBO BAG STRAWBERRY,3
12921,556021,LUNCH BAG  BLACK SKULL.,3
12921,566721,VINTAGE  2 METER FOLDING RULER,3
12921,578485,JUMBO BAG APPLES,3
12921,552185,RED RETROSPOT CUP,3
12921,567145,SWEETHEART CERAMIC TRINKET BOX,3
12921,572451,JUMBO BAG RED RETROSPOT,3
12921,579846,PAPER CHAIN KIT 50'S CHRISTMAS,3
12921,545022,FELTCRAFT HAIRBAND PINK AND PURPLE,3
12921,545023,NATURAL SLATE HEART CHALKBOARD,3
12921,547066,PACK OF 72 SKULL CAKE CASES,3
12921,556021,RED RETROSPOT PLATE,3
12921,561906,SET OF 60 PANTRY DESIGN CAKE CASES,3
12921,566721,POPPY'S PLAYHOUSE BEDROOM,3
12921,566774,WOODEN FRAME ANTIQUE WHITE,3
12921,545022,WOODEN OWLS LIGHT GARLAND,3
12921,547066,RED RETROSPOT PLATE,3
12921,556021,LUNCH BAG WOODLAND,3
12921,556022,REGENCY TEA PLATE GREEN,3
12921,559144,CHILDRENS CUTLERY DOLLY GIRL,3
12921,559146,JUMBO BAG ALPHABET,3
12921,572452,PACK OF 6 SKULL PAPER PLATES,3
12921,545023,BOX OF 24 COCKTAIL PARASOLS,3
12921,545023,PAPER BUNTING VINTAGE PAISLEY,3
12921,545154,FELTCRAFT DOLL MOLLY,3
12921,567145,JUMBO BAG PINK POLKADOT,3
12921,545022,ANTIQUE GLASS PEDESTAL BOWL,3
12921,545023,SET/6 RED SPOTTY PAPER PLATES,3
12921,547066,SET/10 PINK POLKADOT PARTY CANDLES,3
12921,561794,ASSORTED COLOUR BIRD ORNAMENT,3
12921,572452,VINTAGE RED ENAMEL TRIM MUG,3
12921,545023,SINGLE HEART ZINC T-LIGHT HOLDER,3
12921,552185,PINK POLKADOT BOWL,3
12921,559144,CHILDRENS CUTLERY POLKADOT BLUE,3
12921,572452,SET/6 RED SPOTTY PAPER PLATES,3
12921,545154,ASSORTED COLOURS SILK FAN,3
12921,566774,FELTCRAFT GIRL AMELIE KIT,3
12921,567145,VICTORIAN GLASS HANGING T-LIGHT,3
12921,552185,CHILDRENS CUTLERY POLKADOT BLUE,3
12921,561906,SWEETHEART CERAMIC TRINKET BOX,3
12921,567145,HANGING HEART JAR T-LIGHT HOLDER,3
12921,547066,PINK FAIRY CAKE CHILDRENS APRON,3
12921,556021,LUNCH BAG RED RETROSPOT,3
12921,577741,PLASTERS IN TIN WOODLAND ANIMALS,3
12921,578485,JUMBO BAG VINTAGE DOILY,3
12921,545023,SET/10 PINK POLKADOT PARTY CANDLES,3
12921,545154,ALARM CLOCK BAKELIKE IVORY,3
12921,545154,RED  HARMONICA IN BOX,3
12921,552715,ANTIQUE GLASS DRESSING TABLE POT,3
12921,566721,FELTCRAFT BUTTERFLY HEARTS,3
12921,540149,JUMBO  BAG BAROQUE BLACK WHITE,3
12921,545023,JUMBO BAG PINK VINTAGE PAISLEY,3
12921,566721,TOADSTOOL BEDSIDE LIGHT,3
12921,579843,ANTIQUE SILVER T-LIGHT GLASS,3
12921,547066,RETROSPOT PARTY BAG + STICKER SET,3
12921,547066,200 RED + WHITE BENDY STRAWS,3
12921,537683,LUNCH BAG CARS BLUE,3
12921,545022,WOODEN SCHOOL COLOURING SET,3
12921,558879,HANGING METAL HEART LANTERN,3
12921,559146,JUMBO BAG PINK VINTAGE PAISLEY,3
12921,537683,SET/2 RED RETROSPOT TEA TOWELS,3
12921,545022,BUTTON BOX,3
12921,559144,LUNCH BAG APPLE DESIGN,3
12921,565318,CHILDRENS CUTLERY SPACEBOY,3
12921,575199,LUNCH BAG WOODLAND,3
12921,543759,MULTI COLOUR SILVER T-LIGHT HOLDER,3
12921,561906,SET/6 RED SPOTTY PAPER PLATES,3
12921,577741,FELTCRAFT HAIRBAND PINK AND PURPLE,3
12921,559146,SPOTTY BUNTING,3
12921,561794,EMBOSSED GLASS TEALIGHT HOLDER,3
12921,575199,CHILDRENS CUTLERY POLKADOT PINK,3
12921,540149,RED RETROSPOT BOWL,3
12921,578485,VICTORIAN GLASS HANGING T-LIGHT,3
12921,579843,JUMBO BAG APPLES,3
12921,552185,PINK HAPPY BIRTHDAY BUNTING,3
12921,558879,LUNCH BAG  BLACK SKULL.,3
12921,561906,PACK OF 60 DINOSAUR CAKE CASES,3
12921,565317,JUMBO BAG PINK POLKADOT,3
12921,572451,JUMBO BAG VINTAGE DOILY,3
12921,545023,PACK OF 20 SKULL PAPER NAPKINS,3
12921,545154,PINK BLUE FELT CRAFT TRINKET BOX,3
12921,547066,PACK OF 60 PINK PAISLEY CAKE CASES,3
12921,552186,TEA TIME PARTY BUNTING,3
12921,556021,JUMBO BAG SPACEBOY DESIGN,3
12921,559144,SET OF 3 CAKE TINS SKETCHBOOK,3
12921,572451,FRENCH BATHROOM SIGN BLUE METAL,3
12921,578485,JUMBO BAG VINTAGE LEAF,3
12921,579843,T-LIGHT HOLDER SILVER PETIT FOUR,3
12921,575199,SET OF 2 TEA TOWELS APPLE AND PEARS,3
12921,577741,SET 10 NIGHT OWL LIGHTS,3
12921,578485,MULTI COLOUR SILVER T-LIGHT HOLDER,3
12921,579846,LIGHT GARLAND BUTTERFILES PINK,3
12921,545022,ASSORTED COLOURS SILK FAN,3
12921,547066,BLUE POLKADOT PLATE,3
12921,561794,SET OF 2 TEA TOWELS APPLE AND PEARS,3
12921,572451,FRENCH WC SIGN BLUE METAL,3
12921,566721,VINTAGE HEADS AND TAILS CARD GAME,3
12921,540149,JUMBO BAG PINK VINTAGE PAISLEY,3
12921,540149,PACK OF 60 PINK PAISLEY CAKE CASES,3
12921,545023,LUNCH BAG RED RETROSPOT,3
12921,545154,PLASTERS IN TIN VINTAGE PAISLEY,3
12921,561817,JUMBO BAG VINTAGE LEAF,3
12921,561906,3 STRIPEY MICE FELTCRAFT,3
12921,565318,PACK OF 20 SKULL PAPER NAPKINS,3
12921,579843,FRENCH ENAMEL CANDLEHOLDER,3
12921,565318,LUNCH BAG WOODLAND,3
12921,577741,3 STRIPEY MICE FELTCRAFT,3
12921,552715,REGENCY TEA PLATE GREEN,3
12921,561794,COTTON APRON PANTRY DESIGN,3
12921,566774,WOODEN PICTURE FRAME WHITE FINISH,3
12921,572453,SPACEBOY WALL ART,3
12921,579846,HAND WARMER RED RETROSPOT,3
12921,559144,PINK VINTAGE SPOT BEAKER,3
12921,565317,HANGING MINI COLOURED BOTTLES,3
12921,565318,LUNCH BAG RED RETROSPOT,3
12921,572452,TABLECLOTH RED APPLES DESIGN,3
12921,578485,CHRISTMAS PUDDING TRINKET POT,3
12921,545023,PACK OF 60 PINK PAISLEY CAKE CASES,3
12921,575200,RABBIT NIGHT LIGHT,3
12921,578485,ANTIQUE SILVER T-LIGHT GLASS,3
12921,536561,FAIRY TALE COTTAGE NIGHTLIGHT,3
12921,552185,LUNCH BAG CARS BLUE,3
12921,537683,SET/20 RED RETROSPOT PAPER NAPKINS,3
12921,567145,SET/20 RED RETROSPOT PAPER NAPKINS,3
12921,543759,ASSORTED COLOUR BIRD ORNAMENT,3
12921,543759,JUMBO BAG SCANDINAVIAN PAISLEY,3
12921,543759,JUMBO BAG PINK POLKADOT,3
12921,552185,PINK  POLKADOT CUP,3
12921,552186,JUMBO BAG SCANDINAVIAN BLUE PAISLEY,3
12921,561817,JUMBO BAG STRAWBERRY,3
12921,536561,FIVE HEART HANGING DECORATION,3
12921,545023,GLASS HEART T-LIGHT HOLDER,3
12921,579843,JUMBO BAG ALPHABET,3
12921,565318,GREEN VINTAGE SPOT BEAKER,3
12921,572451,FRENCH BLUE METAL DOOR SIGN 8,3
12921,578485,NATURAL SLATE HEART CHALKBOARD,3
12921,578485,LUNCH BAG VINTAGE DOILY,3
12921,561794,SINGLE HEART ZINC T-LIGHT HOLDER,3
12921,575199,BOX OF 24 COCKTAIL PARASOLS,3
12921,577741,FELTCRAFT GIRL AMELIE KIT,3
12921,536561,HAND WARMER OWL DESIGN,3
12921,545022,FELTCRAFT HAIRBANDS PINK AND WHITE,3
12921,545023,PACK OF 60 DINOSAUR CAKE CASES,3
12921,545023,PACK OF 72 RETROSPOT CAKE CASES,3
12921,552185,BLUE POLKADOT PLATE,3
12921,545022,REGENCY CAKESTAND 3 TIER,3
12921,545022,PINK REGENCY TEACUP AND SAUCER,3
12921,561817,JUMBO BAG DOILEY PATTERNS,3
12921,565317,SPOTTY BUNTING,3
12921,565318,VINTAGE CHRISTMAS CAKE FRILL,3
12921,579843,JUMBO BAG SCANDINAVIAN BLUE PAISLEY,3
12921,579843,LUNCH BAG  BLACK SKULL.,3
12921,545154,ROSES REGENCY TEACUP AND SAUCER,3
12921,565318,PINK HAPPY BIRTHDAY BUNTING,3
12921,566721,FELTCRAFT DOLL MOLLY,3
12921,579846,WOODEN SCHOOL COLOURING SET,3
12921,547066,LUNCH BAG PINK POLKADOT,3
12921,559146,RED METAL BOX TOP SECRET,3
12921,561794,SET OF 60 PANTRY DESIGN CAKE CASES,3
12921,579846,HAND WARMER SCOTTY DOG DESIGN,3
12921,537683,LUNCH BAG RED RETROSPOT,3
12921,572451,SET OF 4 KNICK KNACK TINS DOILY,3
12921,575198,WALL ART BIG LOVE,3
12921,537683,SET/6 RED SPOTTY PAPER CUPS,3
12921,545154,FELTCRAFT HAIRBANDS PINK AND WHITE,3
12921,545154,WOODEN OWLS LIGHT GARLAND,3
12921,552185,SET/5 RED RETROSPOT LID GLASS BOWLS,3
12921,545154,PINK REGENCY TEACUP AND SAUCER,3
12921,572453,ANIMALS AND NATURE WALL ART,3
12921,575199,CHILDRENS CUTLERY DOLLY GIRL,3
12921,578485,EMBOSSED GLASS TEALIGHT HOLDER,3
12921,556021,RED RETROSPOT CUP,3
12921,565318,LUNCH BAG VINTAGE DOILY,3
12921,566721,WOODEN BOX OF DOMINOES,3
12921,579843,LUNCH BAG PINK POLKADOT,3
12921,552715,BABUSHKA LIGHTS STRING OF 10,3
12921,558879,LUNCH BAG RED RETROSPOT,3
12921,566721,VINTAGE CHRISTMAS CAKE FRILL,3
12921,566721,FELTCRAFT PRINCESS CHARLOTTE DOLL,3
12921,575199,RED RETROSPOT CUP,3
12921,577741,PINK BLUE FELT CRAFT TRINKET BOX,3
12921,579846,VINTAGE  2 METRE FOLDING RULER,3
12921,545154,GREEN REGENCY TEACUP AND SAUCER,3
12921,556021,BOX OF 24 COCKTAIL PARASOLS,3
12921,558879,SPOTTY BUNTING,3
12921,565318,GREEN POLKADOT BOWL,3
12921,566774,WOODEN BOX OF DOMINOES,3
12921,572453,WALL ART BIG LOVE,3
12921,540149,RED RETROSPOT PEG BAG,3
12921,540149,60 TEATIME FAIRY CAKE CASES,3
12921,558879,RED RETROSPOT CUP,3
12921,559144,CHILDRENS CUTLERY SPACEBOY,3
12921,575199,JUMBO BAG RED RETROSPOT,3
12921,577741,FELTCRAFT DOLL MOLLY,3
12921,578485,GREEN METAL BOX ARMY SUPPLIES,3
12921,545022,RED TOADSTOOL LED NIGHT LIGHT,3
12921,545154,ALARM CLOCK BAKELIKE RED,3
12921,559146,NATURAL SLATE HEART CHALKBOARD,3
12921,565317,JUMBO BAG RED RETROSPOT,3
12921,565318,BLUE VINTAGE SPOT BEAKER,3
12921,545023,RED RETROSPOT OVEN GLOVE,3
12921,552185,VINTAGE CREAM 3 BASKET CAKE STAND,3
12921,567145,SPOTTY BUNTING,3
12921,545023,NATURAL SLATE CHALKBOARD LARGE,3
12921,552715,FELTCRAFT BUTTERFLY HEARTS,3
12921,575199,OVEN MITT APPLES DESIGN,3
12921,545023,CHILDRENS CUTLERY POLKADOT PINK,3
12921,565318,SET/10 PINK POLKADOT PARTY CANDLES,3
12921,547066,LUNCH BAG  BLACK SKULL.,3
12921,558879,NATURAL SLATE CHALKBOARD LARGE,3
12921,572451,VICTORIAN GLASS HANGING T-LIGHT,3
12921,572452,LUNCH BAG VINTAGE DOILY,3
12921,545022,GREEN REGENCY TEACUP AND SAUCER,3
12921,547067,JUMBO BAG SCANDINAVIAN BLUE PAISLEY,3
12921,556021,PACK OF 20 SKULL PAPER NAPKINS,3
12921,579843,SWEETHEART BIRD HOUSE,3
12921,547066,PINK  POLKADOT PLATE,3
12921,565317,JUMBO BAG VINTAGE LEAF,3
12921,567145,NATURAL SLATE CHALKBOARD LARGE,3
12921,540149,RED RETROSPOT OVEN GLOVE,3
12921,552715,ROSES REGENCY TEACUP AND SAUCER,3
12921,543759,VICTORIAN GLASS HANGING T-LIGHT,3
12921,545023,ANTIQUE SILVER TEA GLASS ETCHED,3
12921,552185,GREEN POLKADOT PLATE,3
12921,556021,RIDGED GLASS T-LIGHT HOLDER,3
12921,545023,JUMBO BAG RED RETROSPOT,3
12921,559146,JUMBO BAG SPACEBOY DESIGN,3
12921,565318,RED RETROSPOT PEG BAG,3
12921,575199,SET/10 BLUE POLKADOT PARTY CANDLES,3
12921,577741,BINGO SET,3
12921,579843,JUMBO BAG VINTAGE LEAF,3
12921,552185,LUNCH BAG  BLACK SKULL.,3
12921,561906,SET OF 72 RETROSPOT PAPER  DOILIES,3
12921,578485,HANGING HEART ZINC T-LIGHT HOLDER,3
12921,545023,PEARL CRYSTAL PUMPKIN T-LIGHT HLDR,3
12921,547066,TEA TIME DES TEA COSY,3
12921,547067,JUMBO BAG STRAWBERRY,3
12921,559144,SET/5 RED RETROSPOT LID GLASS BOWLS,3
12921,558879,SET/5 RED RETROSPOT LID GLASS BOWLS,3
12921,559146,JUMBO BAG DOILEY PATTERNS,3
12921,559146,PINK BABY BUNTING,3
12921,566721,VINTAGE DONKEY TAIL GAME,3
12921,577741,LIGHT GARLAND BUTTERFILES PINK,3
12921,547066,200 BENDY SKULL STRAWS,3
12921,572451,FRENCH BLUE METAL DOOR SIGN 7,3
12921,572453,TRADITIONAL NAUGHTS & CROSSES,3
12921,579843,MULTI COLOUR SILVER T-LIGHT HOLDER,3
12921,579843,CANDLE HOLDER SILVER MADELINE,3
12921,572451,FRENCH TOILET SIGN BLUE METAL,3
12921,540149,JUMBO BAG SCANDINAVIAN PAISLEY,3
12921,540149,BLUE 3 PIECE POLKADOT CUTLERY SET,3
12921,543759,PEARL CRYSTAL PUMPKIN T-LIGHT HLDR,3
12921,552186,COLOUR GLASS T-LIGHT HOLDER HANGING,3
12921,575199,SET OF 60 PANTRY DESIGN CAKE CASES,3
12921,577741,FELTCRAFT PRINCESS CHARLOTTE DOLL,3
12921,579846,PINK BLUE FELT CRAFT TRINKET BOX,3
12921,536561,POPPY'S PLAYHOUSE KITCHEN,3
12921,552715,FELTCRAFT PRINCESS CHARLOTTE DOLL,3
12921,556021,RED RETROSPOT BOWL,3
12921,536561,LIGHT GARLAND BUTTERFILES PINK,3
12921,572451,JUMBO BAG VINTAGE LEAF,3
12921,579843,LUNCH BAG VINTAGE DOILY,3
12921,537683,PACK OF 72 RETROSPOT CAKE CASES,3
12921,567145,RED RETROSPOT OVEN GLOVE,3
12921,547067,JUMBO BAG PINK POLKADOT,3
12921,559146,PEARL CRYSTAL PUMPKIN T-LIGHT HLDR,3
12921,561906,SET/2 RED RETROSPOT TEA TOWELS,3
12921,572452,VINTAGE RED ENAMEL TRIM JUG,3
12921,575199,SPACEBOY LUNCH BOX,3
12921,552186,HANGING HEART ZINC T-LIGHT HOLDER,3
12921,552715,BUTTON BOX,3
12921,565317,JUMBO BAG APPLES,3
12921,575199,LUNCH BAG CARS BLUE,3
12921,540149,PACK OF 60 DINOSAUR CAKE CASES,3
12921,545154,3 STRIPEY MICE FELTCRAFT,3
12921,547066,SET/10 RED POLKADOT PARTY CANDLES,3
12921,561794,OVEN MITT APPLES DESIGN,3
12921,579843,SET/6 RED SPOTTY PAPER PLATES,3
12921,561906,FELTCRAFT PRINCESS CHARLOTTE DOLL,3
12921,567145,60 TEATIME FAIRY CAKE CASES,3
12921,545023,60 TEATIME FAIRY CAKE CASES,3
12921,547067,JUMBO BAG SPACEBOY DESIGN,3
12921,559144,PARTY CHARMS 50 PIECES,3
12921,578485,LUNCH BAG PINK POLKADOT,3
12921,575199,JUMBO BAG VINTAGE DOILY,3
12921,579843,JUMBO BAG PINK POLKADOT,3
12921,572452,VINTAGE RED ENAMEL TRIM PLATE,3
12921,572452,SET OF 2 TEA TOWELS APPLE AND PEARS,3
12921,579846,FELTCRAFT GIRL AMELIE KIT,3
12921,547066,SET/5 RED RETROSPOT LID GLASS BOWLS,3
12921,565318,LUNCH BAG  BLACK SKULL.,3
12921,567145,LUNCH BAG APPLE DESIGN,3
12921,558880,REGENCY CAKESTAND 3 TIER,3
12921,572453,DOLLY GIRL WALL ART,3
12921,547066,TEA TIME OVEN GLOVE,3
12921,579846,TRADITIONAL MODELLING CLAY,3
12921,545023,HANGING METAL HEART LANTERN,3
12921,540149,PACK OF 72 SKULL CAKE CASES,3
12921,545022,ALARM CLOCK BAKELIKE IVORY,3
12921,545023,EMBOSSED GLASS TEALIGHT HOLDER,3
12921,545023,HANGING JAM JAR T-LIGHT HOLDER,3
12921,559144,RED VINTAGE SPOT BEAKER,3
12921,547066,RED RETROSPOT BOWL,3
12921,552186,PEARL CRYSTAL PUMPKIN T-LIGHT HLDR,3
12921,572451,FRENCH GARDEN SIGN BLUE METAL,3
12921,572453,BUFFALO BILL WALL ART,3
12921,579843,JUMBO BAG RED RETROSPOT,3
12921,565318,BLUE HAPPY BIRTHDAY BUNTING,3
12921,567145,RED RETROSPOT CUP,3
12921,567145,SET OF 60 PANTRY DESIGN CAKE CASES,3
12921,578485,LUNCH BAG RED RETROSPOT,3
12921,545022,ALARM CLOCK BAKELIKE RED,3
12921,552185,60 TEATIME FAIRY CAKE CASES,3
12921,558879,HANGING HEART JAR T-LIGHT HOLDER,3
12921,578485,NATURAL SLATE CHALKBOARD LARGE,3
12921,537683,GREEN 3 PIECE POLKADOT CUTLERY SET,3
12921,545154,POPPY'S PLAYHOUSE KITCHEN,3
12921,552186,SPOTTY BUNTING,3
12921,579846,PLASTERS IN TIN SPACEBOY,3
12921,545023,PACK OF 72 SKULL CAKE CASES,3
12921,545154,PLASTERS IN TIN WOODLAND ANIMALS,3
12921,575199,SET/5 RED RETROSPOT LID GLASS BOWLS,3
12921,578485,ASSORTED COLOUR T-LIGHT HOLDER,3
12921,578485,SINGLE HEART ZINC T-LIGHT HOLDER,3
12921,545154,ALARM CLOCK BAKELIKE PINK,3
12921,552186,FRENCH ENAMEL CANDLEHOLDER,3
12921,561906,LUNCH BAG RED RETROSPOT,3
12921,561906,RED RETROSPOT ROUND CAKE TINS,3
12921,566774,TRADITIONAL MODELLING CLAY,3
12921,537683,RED SPOTTY BISCUIT TIN,3
12921,556021,VICTORIAN GLASS HANGING T-LIGHT,3
12921,556021,SPOTTY BUNTING,3
12921,561794,HANGING HEART JAR T-LIGHT HOLDER,3
12921,572451,FRENCH BLUE METAL DOOR SIGN 3,3
12921,536561,WOODEN OWLS LIGHT GARLAND,3
12921,552186,ANTIQUE SILVER T-LIGHT GLASS,3
12921,552715,ASSORTED COLOURS SILK FAN,3
12921,556021,LUNCH BAG CARS BLUE,3
12921,561906,LUNCH BAG WOODLAND,3
12921,566721,3D CHRISTMAS STAMPS STICKERS,3
12921,566774,CHRISTMAS CRAFT LITTLE FRIENDS,3
12921,572451,FRENCH BLUE METAL DOOR SIGN 2,3
12921,579843,SET 12 VINTAGE DOILY CHALK,3
12921,556021,PACK OF 6 SKULL PAPER CUPS,3
12921,540149,STRAWBERRY CERAMIC TRINKET BOX,3
12921,545154,FELTCRAFT HAIRBAND PINK AND PURPLE,3
12921,561794,PACK OF 20 SKULL PAPER NAPKINS,3
12921,566721,TRADITIONAL MODELLING CLAY,3
12921,566721,SET 10 NIGHT OWL LIGHTS,3
12921,547067,HANGING JAM JAR T-LIGHT HOLDER,3
12921,559146,SET OF 4 KNICK KNACK TINS DOILEY,3
12921,561794,SET 2 PANTRY DESIGN TEA TOWELS,3
12921,561794,PACK OF 6 SKULL PAPER CUPS,3
12921,577741,HAND WARMER SCOTTY DOG DESIGN,3
12921,540149,ANTIQUE SILVER TEA GLASS ETCHED,3
12921,545022,FELTCRAFT PRINCESS CHARLOTTE DOLL,3
12921,558879,HANGING JAM JAR T-LIGHT HOLDER,3
12921,561794,NATURAL SLATE CHALKBOARD LARGE,3
12921,577741,MINI LIGHTS WOODLAND MUSHROOMS,3
12921,537683,BLUE 3 PIECE POLKADOT CUTLERY SET,3
12921,556021,200 BENDY SKULL STRAWS,3
12921,572452,RETROSPOT PARTY BAG + STICKER SET,3
12921,543759,RIDGED GLASS T-LIGHT HOLDER,3
12921,552185,SET/20 RED RETROSPOT PAPER NAPKINS,3
12921,558879,PINK  POLKADOT CUP,3
12921,561794,CHILDRENS APRON APPLES DESIGN,3
12921,561906,CHILDRENS APRON SPACEBOY DESIGN,3
12921,577741,DELUXE SEWING KIT,3
12921,545022,POPPY'S PLAYHOUSE BEDROOM,3
12921,545023,VICTORIAN GLASS HANGING T-LIGHT,3
12921,545154,RED TOADSTOOL LED NIGHT LIGHT,3
12921,572451,ANTIQUE SILVER T-LIGHT GLASS,3
12921,572451,FRENCH BLUE METAL DOOR SIGN 9,3
12921,577741,HAND WARMER RED RETROSPOT,3
12921,536561,FELTCRAFT PRINCESS LOLA DOLL,3
12921,540149,JUMBO STORAGE BAG SUKI,3
12921,561817,JUMBO STORAGE BAG SUKI,3
12921,565318,LUNCH BAG APPLE DESIGN,3
12921,565318,SET/6 RED SPOTTY PAPER CUPS,3
12921,572451,FRENCH BLUE METAL DOOR SIGN 4,3
12921,577741,VINTAGE  2 METRE FOLDING RULER,3
12921,545023,SET/2 RED RETROSPOT TEA TOWELS,3
12921,552715,SET 10 LIGHTS NIGHT OWL,3
12921,561794,PACK OF 60 SPACEBOY CAKE CASES,3
12921,536561,PINK CREAM FELT CRAFT TRINKET BOX,3
12921,547066,TEA TIME TABLE CLOTH,3
12921,566721,CHRISTMAS LIGHTS 10 SANTAS,3
12921,566774,VINTAGE  2 METER FOLDING RULER,3
12921,537683,72 SWEETHEART FAIRY CAKE CASES,3
12921,547066,SET/20 RED RETROSPOT PAPER NAPKINS,3
12921,552186,ASSORTED COLOUR T-LIGHT HOLDER,3
12921,559144,LUNCH BAG DOILEY PATTERN,3
12921,561906,PINK BLUE FELT CRAFT TRINKET BOX,3
12921,565318,SET/20 RED RETROSPOT PAPER NAPKINS,3
12921,552715,REGENCY TEA PLATE ROSES,3
12921,565318,CHILDRENS CUTLERY POLKADOT PINK,3
12921,575199,PACK OF 60 DINOSAUR CAKE CASES,3
12921,537683,60 TEATIME FAIRY CAKE CASES,3
12921,561817,JUMBO BAG ALPHABET,3
12921,561906,SET/20 RED RETROSPOT PAPER NAPKINS,3
12921,566721,HOLIDAY FUN LUDO,3
12921,566774,PAPER CHAIN KIT 50'S CHRISTMAS,3
12921,537683,RED RETROSPOT APRON,3
12921,547066,RED RETROSPOT APRON,3
12921,578485,SET 12 VINTAGE DOILY CHALK,3
12921,579846,MINI LIGHTS WOODLAND MUSHROOMS,3
12921,552715,WOODEN OWLS LIGHT GARLAND,3
12921,540149,JUMBO BAG STRAWBERRY,3
12921,547067,ASSORTED COLOUR BIRD ORNAMENT,3
12921,556022,REGENCY TEA PLATE ROSES,3
12921,578485,LUNCH BAG SPACEBOY DESIGN,3
12921,577741,WOODEN OWLS LIGHT GARLAND,3
13000,547721,OVEN MITT APPLES DESIGN,0
13000,538186,DOORMAT SPOTTY HOME SWEET HOME,0
13000,538186,T-LIGHT GLASS FLUTED ANTIQUE,0
13000,538186,WHITE HANGING HEART T-LIGHT HOLDER,0
13000,547721,WHITE HANGING HEART T-LIGHT HOLDER,0
13000,547721,SET OF 3 CAKE TINS PANTRY DESIGN,0
13000,538186,RETROSPOT HEART HOT WATER BOTTLE,0
13000,538186,AGED GLASS SILVER T-LIGHT HOLDER,0
13000,547721,SET OF 6 SPICE TINS PANTRY DESIGN,0
13000,547721,APRON APPLE DELIGHT,0
13000,547721,SET/20 STRAWBERRY PAPER NAPKINS,0
13000,547721,SET OF SALT AND PEPPER TOADSTOOLS,0
13000,547721,RED RETROSPOT OVEN GLOVE,0
13000,547721,COTTON APRON PANTRY DESIGN,0
13000,547721,BLUE POLKADOT EGG CUP,0
13000,538186,GIN + TONIC DIET METAL SIGN,0
13000,547721,RED  EGG  SPOON,0
13000,547721,12 PENCILS SMALL TUBE RED RETROSPOT,0
13000,538186,HOT WATER BOTTLE BABUSHKA,0
13000,547721,SET/4 COLOURFUL MIXING BOWLS,0
13000,547721,PEG BAG APPLES DESIGN,0
13000,547721,SET/20 RED RETROSPOT PAPER NAPKINS,0
13000,538186,CHICK GREY HOT WATER BOTTLE,0
13000,538186,DOORMAT RED RETROSPOT,0
13000,547721,PACK OF 20 NAPKINS PANTRY DESIGN,0
13000,547721,RED RETROSPOT PEG BAG,0
13000,538186,COOK WITH WINE METAL SIGN,0
13000,547721,BLUE EGG  SPOON,0
13000,538186,DOORMAT UNION FLAG,0
13000,547721,CHILDRENS APRON APPLES DESIGN,0
13000,564381,HANGING HEART JAR T-LIGHT HOLDER,0
13549,559708,PANTRY MAGNETIC  SHOPPING LIST,0
13549,549691,PARTY BUNTING,0
13549,569905,IVORY WICKER HEART LARGE,0
13549,554101,HEART IVORY TRELLIS LARGE,0
13549,576096,HEN HOUSE DECORATION,0
13549,569905,REGENCY CAKESTAND 3 TIER,0
13549,554101,REGENCY TEA PLATE PINK,0
13549,555004,REGENCY CAKESTAND 3 TIER,0
13549,560715,ZINC METAL HEART DECORATION,0
13549,555004,RED RETROSPOT SHOPPING BAG,0
13549,576096,JUMBO BAG RED RETROSPOT,0
13549,569905,SET OF 2 TRAYS HOME SWEET HOME,0
13549,559708,WOOD 2 DRAWER CABINET WHITE FINISH,0
13549,554101,ZINC HEART FLOWER T-LIGHT HOLDER,0
13549,560715,JUMBO BAG STRAWBERRY,0
13549,559708,PHOTO FRAME CORNICE,0
13549,560715,METAL 4 HOOK HANGER FRENCH CHATEAU,0
13549,576096,REGENCY CAKESTAND 3 TIER,0
13549,554101,COLOUR GLASS T-LIGHT HOLDER HANGING,0
13549,554101,JUMBO BAG STRAWBERRY,0
13549,549691,COLOUR GLASS T-LIGHT HOLDER HANGING,0
13549,554101,HEART OF WICKER SMALL,0
13549,560715,REGENCY CAKESTAND 3 TIER,0
13549,554101,FINE WICKER HEART,0
13549,559708,GREEN VINTAGE SPOT BEAKER,0
13549,576096,SET OF 2 TRAYS HOME SWEET HOME,0
13549,560715,WOODEN PICTURE FRAME WHITE FINISH,0
13549,549691,STRAWBERRY CHARLOTTE BAG,0
13549,560715,NATURAL SLATE HEART CHALKBOARD,0
13549,554101,SET/5 RED RETROSPOT LID GLASS BOWLS,0
13549,554101,PINK REGENCY TEACUP AND SAUCER,0
13549,559708,SET/5 RED RETROSPOT LID GLASS BOWLS,0
13549,549691,WOODEN PICTURE FRAME WHITE FINISH,0
13549,560715,WOOD 2 DRAWER CABINET WHITE FINISH,0
13549,554101,RECIPE BOX PANTRY YELLOW DESIGN,0
13549,559708,STRAWBERRY SHOPPER BAG,0
13549,549691,HANGING METAL HEART LANTERN,0
13549,555004,12 PENCILS TALL TUBE SKULLS,0
13549,555004,12 PENCILS TALL TUBE RED RETROSPOT,0
13549,555004,METAL 4 HOOK HANGER FRENCH CHATEAU,0
13549,549691,PACK OF 72 RETROSPOT CAKE CASES,0
13549,554101,STRAWBERRY RAFFIA FOOD COVER,0
13549,549691,WHITE HANGING HEART T-LIGHT HOLDER,0
13549,549691,NATURAL SLATE HEART CHALKBOARD,0
13549,549691,60 TEATIME FAIRY CAKE CASES,0
13549,569905,SET/5 RED RETROSPOT LID GLASS BOWLS,0
13549,549691,SET/5 RED RETROSPOT LID GLASS BOWLS,0
13549,559708,PINK VINTAGE SPOT BEAKER,0
13549,559708,ENAMEL FLOWER JUG CREAM,0
13549,555004,ROSE CARAVAN DOORSTOP,0
13549,555004,HEN HOUSE DECORATION,0
13983,541371,BLACK KITCHEN SCALES,0
13983,541371,PACK OF 6 PANNETONE GIFT BOXES,0
13983,537690,SET OF 20 VINTAGE CHRISTMAS NAPKINS,0
13983,566320,BOX OF 6 MINI VINTAGE CRACKERS,0
13983,555579,CARD CIRCUS PARADE,0
13983,566320,PHOTO CUBE,0
13983,550978,PAPER BUNTING WHITE LACE,0
13983,541371,PACK OF 6 PANNETONE GIFT BOXES,0
13983,566320,PACK OF 12 VINTAGE CHRISTMAS TISSUE,0
13983,537690,RED KITCHEN SCALES,0
13983,566320,ROLL WRAP VINTAGE CHRISTMAS,0
13983,573504,PACK OF 72 RETROSPOT CAKE CASES,0
13983,541371,RED HEART LUGGAGE TAG,0
13983,541391,HAIRCLIPS FORTIES FABRIC ASSORTED,0
13983,550978,SET/6 RED SPOTTY PAPER CUPS,0
13983,541371,DOLLY GIRL CHILDRENS EGG CUP,0
13983,570846,CHERUB HEART DECORATION GOLD,0
13983,566320,HAND WARMER RED LOVE HEART,0
13983,566320,LOVE HOT WATER BOTTLE,0
13983,541371,FELT EGG COSY CHICKEN,0
13983,555579,MINI FUNKY DESIGN TAPES,0
13983,537690,WRAP SUKI AND FRIENDS,0
13983,541371,12 MESSAGE CARDS WITH ENVELOPES,0
13983,566320,PACK OF 12 PAISLEY PARK TISSUES,0
13983,550978,SMALL POPCORN HOLDER,0
13983,566320,PLASTERS IN TIN SPACEBOY,0
13983,550978,PAPER BUNTING COLOURED LACE,0
13983,541371,PLASTERS IN TIN SPACEBOY,0
13983,537690,SET OF 3 HEART COOKIE CUTTERS,0
13983,541371,BOX OF VINTAGE ALPHABET BLOCKS,0
13983,566320,CHRISTMAS LIGHTS 10 REINDEER,0
13983,566320,PAPER CHAIN KIT VINTAGE CHRISTMAS,0
13983,537690,HOT WATER BOTTLE TEA AND SYMPATHY,0
13983,566320,SET OF 4 KNICK KNACK TINS LONDON,0
13983,541371,PACK OF 6 BIRDY GIFT TAGS,0
13983,566320,PLASTERS IN TIN SKULLS,0
13983,566320,DOORMAT UNION FLAG,0
13983,550978,PACK OF 12 HEARTS DESIGN TISSUES,0
13983,550978,SET/20 RED RETROSPOT PAPER NAPKINS,0
13983,541371,72 SWEETHEART FAIRY CAKE CASES,0
13983,550978,PAPER CHAIN KIT RETROSPOT,0
13983,573504,WRAP CHRISTMAS VILLAGE,0
13983,537690,PACK OF 12 BLUE PAISLEY TISSUES,0
13983,541371,FELT FARM ANIMAL WHITE BUNNY,0
13983,566320,POPCORN HOLDER,0
13983,543348,RUSTIC  SEVENTEEN DRAWER SIDEBOARD,0
13983,573504,PACK OF 12 DOLLY GIRL TISSUES,0
13983,541371,PINK  HONEYCOMB PAPER BALL,0
13983,541371,NATURAL SLATE RECTANGLE CHALKBOARD,0
13983,541371,FELT EGG COSY WHITE RABBIT,0
13983,541371,PAPER BUNTING WHITE LACE,0
13983,541371,JAM MAKING SET PRINTED,0
13983,573504,BOX OF 6 CHRISTMAS CAKE DECORATIONS,0
13983,537690,3D CHRISTMAS STAMPS STICKERS,0
13983,537690,SET OF 20 KIDS COOKIE CUTTERS,0
13983,555579,HANGING JAM JAR T-LIGHT HOLDER,0
13983,541371,RED KITCHEN SCALES,0
13983,550978,GREEN REGENCY TEACUP AND SAUCER,0
13983,555580,WRAP ALPHABET DESIGN,0
13983,541371,BOX OF VINTAGE JIGSAW BLOCKS,0
13983,570846,SET 6 SCHOOL MILK BOTTLES IN CRATE,0
13983,570846,POPCORN HOLDER,0
13983,537690,WHITE BELL HONEYCOMB PAPER,0
13983,550978,HANGING JAM JAR T-LIGHT HOLDER,0
13983,566320,HAND WARMER SCOTTY DOG DESIGN,0
13983,541371,EASTER TIN BUCKET,0
13983,541371,PACK OF 12 HEARTS DESIGN TISSUES,0
13983,541371,6 RIBBONS RUSTIC CHARM,0
13983,550978,SET/6 COLLAGE PAPER PLATES,0
13983,555579,WOODEN ROUNDERS GARDEN SET,0
13983,541371,RED HEART LUGGAGE TAG,0
13983,573504,SET OF 60 I LOVE LONDON CAKE CASES,0
13983,550978,SET/10 RED POLKADOT PARTY CANDLES,0
13983,550978,REGENCY CAKESTAND 3 TIER,0
13983,537690,BIRTHDAY BANQUET GIFT WRAP,0
13983,570846,HANGING CLEAR MINI BOTTLE,0
13983,573504,RUSTIC  SEVENTEEN DRAWER SIDEBOARD,0
13983,541371,NATURAL SLATE HEART CHALKBOARD,0
13983,541371,EASTER TIN KEEPSAKE,0
13983,546728,RUSTIC  SEVENTEEN DRAWER SIDEBOARD,0
13983,537690,LARGE WHITE HONEYCOMB PAPER BELL,0
13983,573504,RABBIT NIGHT LIGHT,0
13983,537690,BLACK KITCHEN SCALES,0
13983,550978,SET/6 COLLAGE PAPER CUPS,0
13983,541371,SPACEBOY CHILDRENS EGG CUP,0
13983,550978,MULTICOLOUR 3D BALLS GARLAND,0
13983,575525,RABBIT NIGHT LIGHT,0
13983,541371,SET 3 PAPER VINTAGE CHICK PAPER EGG,0
13983,573504,ASS COLOUR GLOWING TIARAS,0
13983,570846,COCKTAIL SWORDS 50 PIECES,0
13983,566320,PACK OF 6 LARGE FRUIT STRAWS,0
13983,566320,BISCUIT TIN VINTAGE CHRISTMAS,0
13983,537690,FAWN BLUE HOT WATER BOTTLE,0
13983,537690,WRAP DOLLY GIRL,0
13983,541371,MINT KITCHEN SCALES,0
13983,555579,WRAP CIRCUS PARADE,0
13983,541371,SMALL POPCORN HOLDER,0
13983,550978,ROSES REGENCY TEACUP AND SAUCER,0
13983,541371,PAPER BUNTING COLOURED LACE,0
13983,537690,CHOCOLATE HOT WATER BOTTLE,0
13983,541371,HAIRCLIPS FORTIES FABRIC ASSORTED,0
13983,541371,EASTER TIN BUNNY BOUQUET,0
13983,541371,WOODEN BOX OF DOMINOES,0
13983,550978,SET/6 RED SPOTTY PAPER PLATES,0
13983,550978,PINK REGENCY TEACUP AND SAUCER,0
13983,541371,SET OF 72 PINK HEART PAPER DOILIES,0
13983,550978,"\"ASSORTED FLOWER COLOUR \"\"LEIS\"\"\"",0
15046,562378,CHRISTMAS HANGING TREE WITH BELL,0
15046,549937,BROCANTE SHELF WITH HOOKS,0
15046,557285,WHITE HANGING HEART T-LIGHT HOLDER,0
15046,554976,ENCHANTED BIRD COATHANGER 5 HOOK,0
15046,542996,CREAM WALL PLANTER HEART SHAPED,0
15046,549937,REX CASH+CARRY JUMBO SHOPPER,0
15046,545049,HERB MARKER MINT,0
15046,540242,WHITE HANGING HEART T-LIGHT HOLDER,0
15046,562378,CHOCOLATE BOX RIBBONS,0
15046,540242,12 RED ROSE PEG PLACE SETTINGS,0
15046,540242,RIBBON REEL STRIPES DESIGN,0
15046,541251,HANGING HEN ON NEST DECORATION,0
15046,545049,HERB MARKER BASIL,0
15046,540242,CHILDS GARDEN TROWEL PINK,0
15046,549937,SWEETHEART WIRE WALL TIDY,0
15046,579807,SET OF 6 RIBBONS COUNTRY STYLE,0
15046,554270,BATH BUILDING BLOCK WORD,0
15046,557285,3 HEARTS HANGING DECORATION RUSTIC,0
15046,541251,CLASSIC METAL BIRDCAGE PLANT HOLDER,0
15046,562378,BABY BOOM RIBBONS,0
15046,554976,CREAM HEART CARD HOLDER,0
15046,569471,ASSORTED COLOUR BIRD ORNAMENT,0
15046,540242,PACK OF 20 NAPKINS RED APPLES,0
15046,557285,ANGEL DECORATION 3 BUTTONS,0
15046,572519,HEART MINI PORTRAIT FRAME,0
15046,572519,JINGLE BELL HEART DECORATION,0
15046,549937,BATH BUILDING BLOCK WORD,0
15046,562378,REX CASH+CARRY JUMBO SHOPPER,0
15046,565414,12 RED ROSE PEG PLACE SETTINGS,0
15046,554270,PETIT TRAY CHIC,0
15046,557285,HEART WREATH DECORATION WITH BELL,0
15046,541251,HEART OF WICKER SMALL,0
15046,562378,TRIPLE WIRE HOOK IVORY HEART,0
15046,549937,ASSORTED COLOUR BIRD ORNAMENT,0
15046,562378,WHITE JEWELLED HEART DECORATION,0
15046,542996,REX CASH+CARRY JUMBO SHOPPER,0
15046,543630,12 RED ROSE PEG PLACE SETTINGS,0
15046,542996,CREAM HEART CARD HOLDER,0
15046,554976,IVORY HANGING DECORATION  HEART,0
15046,554976,LOVEBIRD HANGING DECORATION WHITE,0
15046,540242,ASSORTED COLOUR BIRD ORNAMENT,0
15046,562378,6 RIBBONS RUSTIC CHARM,0
15046,572519,HANGING HEART WITH BELL,0
15046,562378,WHITE CHRISTMAS STAR DECORATION,0
15046,554976,MISTLETOE HEART WREATH CREAM,0
15046,562378,PAINTED METAL STAR WITH HOLLY BELLS,0
15046,562378,SINGLE WIRE HOOK IVORY HEART,0
15046,554270,HANGING CHICK CREAM DECORATION,0
15046,575476,REX CASH+CARRY JUMBO SHOPPER,0
15046,543630,ASSORTED COLOUR BIRD ORNAMENT,0
15046,554976,TRIPLE HOOK ANTIQUE IVORY ROSE,0
15046,557285,WHITE ROCKING HORSE HAND PAINTED,0
15046,562378,PAINTED METAL HEART WITH HOLLY BELL,0
15046,554270,SINGLE HEART ZINC T-LIGHT HOLDER,0
15046,554270,JINGLE BELL HEART DECORATION,0
15046,541251,"DECORATION , WOBBLY CHICKEN, METAL",0
15046,554270,LOVE BUILDING BLOCK WORD,0
15046,554976,SET OF 5 MINI GROCERY MAGNETS,0
15046,554270,IVORY HANGING DECORATION  BIRD,0
15046,557285,SET/6 RED SPOTTY PAPER PLATES,0
15046,562378,WOODEN PICTURE FRAME WHITE FINISH,0
15046,554270,ASSORTED COLOUR BIRD ORNAMENT,0
15046,554270,BROCANTE SHELF WITH HOOKS,0
15046,543630,ASSORTED EASTER GIFT TAGS,0
15046,554270,ZINC  HEART T-LIGHT HOLDER,0
15046,549937,HOMEMADE JAM SCENTED CANDLES,0
15046,540242,YELLOW COAT RACK PARIS FASHION,0
15046,554976,MINIATURE ANTIQUE ROSE HOOK IVORY,0
15046,562378,LARGE WHITE HEART OF WICKER,0
15046,540242,FRENCH GARDEN SIGN BLUE METAL,0
15046,554976,SINGLE ANTIQUE ROSE HOOK IVORY,0
15046,540242,RIBBON REEL LACE DESIGN,0
15046,554270,RIBBON REEL STRIPES DESIGN,0
15046,562378,IVORY SWEETHEART SOAP DISH,0
15046,540242,BROCANTE SHELF WITH HOOKS,0
15046,541251,"DECORATION , WOBBLY RABBIT , METAL",0
15046,540242,LOVE HEART NAPKIN BOX,0
15046,575476,GLITTER CHRISTMAS TREE WITH BELLS,0
15046,579807,ANTIQUE SILVER TEA GLASS ENGRAVED,0
15046,554270,HANGING HEART ZINC T-LIGHT HOLDER,0
15046,543630,12 RED ROSE PEG PLACE SETTINGS,0
15046,543630,SWEETHEART CAKESTAND 3 TIER,0
15046,569471,LARGE WHITE HEART OF WICKER,0
15046,540242,PACK OF 20 NAPKINS PANTRY DESIGN,0
15046,554976,PINK FLY SWAT,0
15046,554976,REX CASH+CARRY JUMBO SHOPPER,0
15046,554270,HANGING CHICK GREEN DECORATION,0
15046,554976,ASSORTED COLOUR BIRD ORNAMENT,0
15046,554270,PANTRY SCRUBBING BRUSH,0
15046,572519,ENCHANTED BIRD COATHANGER 5 HOOK,0
15046,540242,HANGING CHICK GREEN DECORATION,0
15046,562378,ASSORTED COLOUR BIRD ORNAMENT,0
15046,540242,SET OF 6 HERB TINS SKETCHBOOK,0
15046,554270,HOT BATHS METAL SIGN,0
15046,542996,IVORY HANGING DECORATION  HEART,0
15046,540242,6 RIBBONS RUSTIC CHARM,0
15046,579807,HEART WREATH DECORATION WITH BELL,0
15046,540242,Manual,0
15046,542996,ASSORTED COLOUR BIRD ORNAMENT,0
15046,562378,ROMANTIC PINKS RIBBONS,0
15046,541251,UTILTY CABINET WITH HOOKS,0
15046,554270,AREA PATROLLED METAL SIGN,0
15046,569471,SET OF 6 T-LIGHTS SNOWMEN,0
15046,540242,VICTORIAN GLASS HANGING T-LIGHT,0
15046,540242,FRENCH ENAMEL CANDLEHOLDER,0
15046,572519,OVAL  MINI PORTRAIT FRAME,0
15046,540242,IVORY HANGING DECORATION  BIRD,0
15046,569471,GREEN CHRISTMAS TREE STRING 20LIGHT,0
15046,562378,SCANDINAVIAN REDS RIBBONS,0
15046,565414,HEART BEADED TRELLIS DECORATION,0
15046,579807,STAR WREATH DECORATION WITH BELL,0
15046,554976,HEART FILIGREE DOVE LARGE,0
15046,569471,MISTLETOE HEART WREATH GREEN,0
15046,562378,PACK OF 20 NAPKINS RED APPLES,0
15046,540242,PLEASE ONE PERSON METAL SIGN,0
15046,575476,HEART IVORY TRELLIS SMALL,0
15046,554270,HAND OVER THE CHOCOLATE   SIGN,0
15046,554270,CAT BOWL VINTAGE CREAM,0
15046,541251,HANGING METAL HEART LANTERN,0
15046,541251,REX CASH+CARRY JUMBO SHOPPER,0
15046,543630,NATURAL SLATE HEART CHALKBOARD,0
15046,554270,ZINC HERB GARDEN CONTAINER,0
15046,579807,AGED GLASS SILVER T-LIGHT HOLDER,0
15046,554976,ASSORTED BOTTLE TOP  MAGNETS,0
15046,557285,RED ROCKING HORSE HAND PAINTED,0
15046,562378,3 TIER SWEETHEART GARDEN SHELF,0
15046,542996,BLACK HEART CARD HOLDER,0
15046,579807,BISCUIT TIN 50'S CHRISTMAS,0
15046,543630,PARTY CONE CHRISTMAS DECORATION,0
15046,545049,ASSORTED COLOUR BIRD ORNAMENT,0
15046,554976,BLUE FLY SWAT,0
15046,562378,ANGEL DECORATION STARS ON DRESS,0
15046,579807,DOLLY CABINET 2 DRAWERS,0
15046,554976,SINGLE WIRE HOOK IVORY HEART,0
15046,562378,FILIGREE HEART DAISY WHITE,0
15046,569471,JINGLE BELL HEART DECORATION,0
15046,579807,PARTY CONE CHRISTMAS DECORATION,0
15046,540242,BLUE COAT RACK PARIS FASHION,0
15046,562378,TRADITIONAL CHRISTMAS RIBBONS,0
15046,549937,LOVE BUILDING BLOCK WORD,0
15046,569471,WHITE HEARTS WIRE PLANT POT HOLDER,0
15046,565414,IVORY WICKER HEART LARGE,0
15046,545049,HERB MARKER ROSEMARY,0
15046,569471,HEART MIRROR ANTIQUE WHITE,0
15046,569471,RIBBON REEL MAKING SNOWMEN,0
15046,569471,CLASSIC METAL BIRDCAGE PLANT HOLDER,0
15046,562378,SET/20 RED RETROSPOT PAPER NAPKINS,0
15046,540242,HANGING CHICK CREAM DECORATION,0
15046,554270,HANGING CHICK  YELLOW DECORATION,0
15046,562378,SET OF 6 T-LIGHTS WEDDING CAKE,0
15046,554270,NO SINGING METAL SIGN,0
15046,554270,REX CASH+CARRY JUMBO SHOPPER,0
15046,540242,REX CASH+CARRY JUMBO SHOPPER,0
15046,569471,HEART SHAPED HOLLY WREATH,0
15046,542996,CLASSIC WHITE FRAME,0
15046,554976,SALLE DE BAIN HOOK,0
15046,554270,SWEETHEART WIRE WALL TIDY,0
15046,579807,GINGHAM HEART DECORATION,0
15046,543630,ASSORTED EASTER DECORATIONS  BELLS,0
15046,554976,HEART FILIGREE DOVE  SMALL,0
15046,575476,WHITE ROCKING HORSE HAND PAINTED,0
15046,575476,FILIGREE HEART BUTTERFLY WHITE,0
15046,554976,SET OF 4 JAM JAR MAGNETS,0
15046,579807,6 RIBBONS ELEGANT CHRISTMAS,0
15046,545049,SMALL HEART FLOWERS HOOK,0
15046,579807,MISTLETOE HEART WREATH CREAM,0
15046,540242,3 HEARTS HANGING DECORATION RUSTIC,0
15046,543630,SWEETHEART WIRE FRUIT BOWL,0
15046,554976,IVORY SWEETHEART WIRE LETTER RACK,0
15046,540242,12 IVORY ROSE PEG PLACE SETTINGS,0
15046,572519,T-LIGHT HOLDER HANGING LOVE BIRD,0
15046,554270,PANTRY PASTRY BRUSH,0
15046,542996,FAMILY ALBUM WHITE PICTURE FRAME,0
15046,545049,HERB MARKER THYME,0
15046,572519,LARGE WHITE HEART OF WICKER,0
15046,575476,FILIGREE HEART BIRD WHITE,0
15046,565414,FILIGREE HEART BIRD WHITE,0
15046,562378,AGED GLASS SILVER T-LIGHT HOLDER,0
15046,565414,SMALL WHITE HEART OF WICKER,0
15046,554976,FILIGRIS HEART WITH BUTTERFLY,0
15046,565414,FILIGREE HEART BUTTERFLY WHITE,0
15046,562378,PACK OF 20 NAPKINS PANTRY DESIGN,0
15046,562378,HANGING HEART WITH BELL,0
15046,562378,MISTLETOE HEART WREATH CREAM,0
15046,562378,ZINC FOLKART SLEIGH BELLS,0
15046,557285,VINTAGE RED ENAMEL TRIM JUG,0
15046,540242,FILIGRIS HEART WITH BUTTERFLY,0
15046,540242,SET OF 6 SPICE TINS PANTRY DESIGN,0
15046,540242,HANGING CHICK  YELLOW DECORATION,0
15046,569471,DOORMAT TOPIARY,0
15046,542996,RIBBON REEL LACE DESIGN,0
15046,554976,SMALL IVORY HEART WALL ORGANISER,0
15046,554270,SMALL PARISIENNE HEART PHOTO FRAME,0
15046,554270,ZINC HEART FLOWER T-LIGHT HOLDER,0
15046,579807,SET OF 6 RIBBONS PERFECTLY PRETTY,0
15046,543630,WOODEN HEART CHRISTMAS SCANDINAVIAN,0
15046,540242,HANGING METAL RABBIT DECORATION,0
15046,541251,HEN HOUSE DECORATION,0
15046,575476,SMALL FOLKART STAR CHRISTMAS DEC,0
15046,575476,FILIGRIS HEART WITH BUTTERFLY,0
15046,579807,DOLLY CABINET 3 DRAWERS,0
15061,536784,DOLLY GIRL LUNCH BOX,2
15061,537618,MEASURING TAPE BABUSHKA BLUE,2
15061,545412,HANGING JAM JAR T-LIGHT HOLDER,2
15061,548406,ROUND SNACK BOXES SET OF 4 FRUITS,2
15061,568536,DOLLY GIRL LUNCH BOX,2
15061,574534,REGENCY CAKESTAND 3 TIER,2
15061,536785,LUNCH BOX I LOVE LONDON,2
15061,538998,BOX OF 24 COCKTAIL PARASOLS,2
15061,552888,DOORMAT NEW ENGLAND,2
15061,572193,MINI PLAYING CARDS BUFFALO BILL,2
15061,579284,HANGING JAM JAR T-LIGHT HOLDERS,2
15061,572193,CHRISTMAS LIGHTS 10 SANTAS,2
15061,538191,ROTATING SILVER ANGELS T-LIGHT HLDR,2
15061,540648,MAGIC DRAWING SLATE SPACEBOY,2
15061,557572,RED RETROSPOT WRAP,2
15061,574534,GUMBALL COAT RACK,2
15061,568538,SET OF 4 PANTRY JELLY MOULDS,2
15061,580873,DOORMAT NEW ENGLAND,2
15061,561532,JAM MAKING SET WITH JARS,2
15061,568533,JAM MAKING SET WITH JARS,2
15061,536783,PACK OF 6 BIRDY GIFT TAGS,2
15061,536783,WHITE SPOT BLUE CERAMIC DRAWER KNOB,2
15061,568537,WRAP PINK FAIRY CAKES,2
15061,540939,GUMBALL COAT RACK,2
15061,546527,DOORMAT NEW ENGLAND,2
15061,569724,PINK POLKADOT WRAP,2
15061,536783,RED RETROSPOT WRAP,2
15061,536783,ROTATING SILVER ANGELS T-LIGHT HLDR,2
15061,540648,BLACK LOVE BIRD T-LIGHT HOLDER,2
15061,540649,MINI JIGSAW BAKE A CAKE,2
15061,541488,SLEEPING CAT ERASERS,2
15061,559139,LUNCH BOX I LOVE LONDON,2
15061,579284,SPACEBOY LUNCH BOX,2
15061,580873,SLEEPING CAT ERASERS,2
15061,536783,"FANCY FONT BIRTHDAY CARD,",2
15061,536784,WHITE SPOT BLUE CERAMIC DRAWER KNOB,2
15061,559139,WRAP PINK FAIRY CAKES,2
15061,579284,SLEEPING CAT ERASERS,2
15061,540648,ROUND SNACK BOXES SET OF 4 FRUITS,2
15061,547419,WOODLAND CHARLOTTE BAG,2
15061,548406,WOODLAND CHARLOTTE BAG,2
15061,538191,GOLD STANDING GNOME,2
15061,546540,WRAP PINK FAIRY CAKES,2
15061,538191,GUMBALL COAT RACK,2
15061,552888,PINK POLKADOT WRAP,2
15061,555934,SPACEBOY LUNCH BOX,2
15061,562286,GUMBALL COAT RACK,2
15061,543788,GUMBALL COAT RACK,2
15061,562286,DOORMAT NEW ENGLAND,2
15061,551977,WRAP PINK FAIRY CAKES,2
15061,557572,BLUE POLKADOT WRAP,2
15061,555934,SLEEPING CAT ERASERS,2
15061,536784,BLACK LOVE BIRD T-LIGHT HOLDER,2
15061,537618,MINI JIGSAW SPACEBOY,2
15061,536783,DOORMAT HEARTS,2
15061,552888,CLOTHES PEGS RETROSPOT PACK 24,2
15061,569725,DOORMAT MULTICOLOUR STRIPE,2
15061,557572,LUNCH BOX I LOVE LONDON,2
15061,579284,JAM MAKING SET WITH JARS,2
15061,541488,GUMBALL COAT RACK,2
15061,579284,RED RETROSPOT WRAP,2
15061,541488,SET 7 BABUSHKA NESTING BOXES,2
15061,555934,BLUE POLKADOT WRAP,2
15061,562286,LUNCH BOX I LOVE LONDON,2
15061,546526,WOODLAND CHARLOTTE BAG,2
15061,536784,SET 7 BABUSHKA NESTING BOXES,2
15061,536784,SLEEPING CAT ERASERS,2
15061,537618,DOORMAT NEW ENGLAND,2
15061,568533,DOORMAT NEW ENGLAND,2
15061,572193,VINTAGE CHRISTMAS CAKE FRILL,2
15061,543788,MINI JIGSAW BAKE A CAKE,2
15061,545412,DOORMAT ENGLISH ROSE,2
15061,568537,SET 7 BABUSHKA NESTING BOXES,2
15061,538191,BLACK CANDELABRA T-LIGHT HOLDER,2
15061,568533,PINK POLKADOT WRAP,2
15061,572193,MINI PLAYING CARDS DOLLY GIRL,2
15061,547419,HANGING JAM JAR T-LIGHT HOLDER,2
15061,540649,BAKING SET SPACEBOY DESIGN,2
15061,545412,CLOTHES PEGS RETROSPOT PACK 24,2
15061,546540,CLOTHES PEGS RETROSPOT PACK 24,2
15061,536783,BLACK CANDELABRA T-LIGHT HOLDER,2
15061,540648,SLEEPING CAT ERASERS,2
15061,555934,DOORMAT ENGLISH ROSE,2
15061,559139,SLEEPING CAT ERASERS,2
15061,572193,CHRISTMAS LIGHTS 10 VINTAGE BAUBLES,2
15061,536783,DOLLY GIRL LUNCH BOX,2
15061,574534,SET OF 4 PANTRY JELLY MOULDS,2
15061,536783,MIRROR LOVE BIRD T-LIGHT HOLDER,2
15061,541488,DOORMAT ENGLISH ROSE,2
15061,551977,SET 7 BABUSHKA NESTING BOXES,2
15061,562286,MAGIC DRAWING SLATE DOLLY GIRL,2
15061,579284,DOORMAT NEW ENGLAND,2
15061,579284,LUNCH BOX I LOVE LONDON,2
15061,536784,DOORMAT RED RETROSPOT,2
15061,568533,DOLLY GIRL LUNCH BOX,2
15061,568533,LUNCH BOX I LOVE LONDON,2
15061,580873,SET OF 4 PANTRY JELLY MOULDS,2
15061,551976,WOODLAND CHARLOTTE BAG,2
15061,541488,BAKING SET SPACEBOY DESIGN,2
15061,542143,DOORMAT ENGLISH ROSE,2
15061,548406,WRAP PINK FAIRY CAKES,2
15061,574534,SET OF 12 FAIRY CAKE BAKING CASES,2
15061,579284,MAGIC DRAWING SLATE DOLLY GIRL,2
15061,536783,PINK POLKADOT WRAP,2
15061,536784,BLACK CANDELABRA T-LIGHT HOLDER,2
15061,537618,DOORMAT RED RETROSPOT,2
15061,546540,SET 7 BABUSHKA NESTING BOXES,2
15061,541488,MAGIC DRAWING SLATE DOLLY GIRL,2
15061,545412,GUMBALL COAT RACK,2
15061,580873,GUMBALL COAT RACK,2
15061,538998,BAKING SET SPACEBOY DESIGN,2
15061,538998,ROUND SNACK BOXES SET OF 4 FRUITS,2
15061,540648,MIRROR LOVE BIRD T-LIGHT HOLDER,2
15061,557572,CLOTHES PEGS RETROSPOT PACK 24,2
15061,538998,MIRROR LOVE BIRD T-LIGHT HOLDER,2
15061,545412,DOORMAT MULTICOLOUR STRIPE,2
15061,551977,PINK POLKADOT WRAP,2
15061,547419,SPACEBOY LUNCH BOX,2
15061,547419,GUMBALL COAT RACK,2
15061,557572,DOORMAT NEW ENGLAND,2
15061,560925,GUMBALL COAT RACK,2
15061,540649,CLOTHES PEGS RETROSPOT PACK 24,2
15061,572193,BOX OF 6 CHRISTMAS CAKE DECORATIONS,2
15061,536784,LUNCH BOX I LOVE LONDON,2
15061,536783,MINI PAINT SET VINTAGE,2
15061,536783,VINTAGE KID DOLLY CARD,2
15061,568536,DOORMAT RED RETROSPOT,2
15061,540649,BOX OF 24 COCKTAIL PARASOLS,2
15061,541488,PACK OF 72 RETROSPOT CAKE CASES,2
15061,562286,REGENCY CAKESTAND 3 TIER,2
15061,536785,STRAWBERRY BATH SPONGE,2
15061,538191,6 RIBBONS ELEGANT CHRISTMAS,2
15061,538195,DOORMAT MULTICOLOUR STRIPE,2
15061,540649,VICTORIAN SEWING KIT,2
15061,538191,SPACEBOY LUNCH BOX,2
15061,548406,LUNCH BOX I LOVE LONDON,2
15061,568537,CLOTHES PEGS RETROSPOT PACK 24,2
15061,536783,SPACEBOY LUNCH BOX,2
15061,541488,DOORMAT RED RETROSPOT,2
15061,547419,DOORMAT NEW ENGLAND,2
15061,574534,WRAP PINK FAIRY CAKES,2
15061,537618,6 RIBBONS ELEGANT CHRISTMAS,2
15061,545413,BLUE POLKADOT WRAP,2
15061,568537,ROUND SNACK BOXES SET OF 4 FRUITS,2
15061,536783,BLACK LOVE BIRD T-LIGHT HOLDER,2
15061,545413,RED RETROSPOT WRAP,2
15061,548406,CLOTHES PEGS RETROSPOT PACK 24,2
15061,562286,SPACEBOY LUNCH BOX,2
15061,536784,MEASURING TAPE BABUSHKA PINK,2
15061,579284,CLOTHES PEGS RETROSPOT PACK 24,2
15061,536792,CLOTHES PEGS RETROSPOT PACK 24,2
15061,560925,SPACEBOY LUNCH BOX,2
15061,568537,LUNCH BOX I LOVE LONDON,2
15061,568538,SPACEBOY LUNCH BOX,2
15061,568538,GUMBALL COAT RACK,2
15061,579284,SET OF 12 FAIRY CAKE BAKING CASES,2
15061,546540,WOODLAND CHARLOTTE BAG,2
15061,551976,DOORMAT NEW ENGLAND,2
15061,574534,SET OF 6 TEA TIME BAKING CASES,2
15061,568533,DOORMAT ENGLISH ROSE,2
15061,560924,JAM MAKING SET WITH JARS,2
15061,560925,DOORMAT RED RETROSPOT,2
15061,568538,SET OF 12 FAIRY CAKE BAKING CASES,2
15061,580873,DOLLY GIRL LUNCH BOX,2
15061,536784,6 RIBBONS ELEGANT CHRISTMAS,2
15061,536783,MAGIC DRAWING SLATE SPACEBOY,2
15061,538193,DOORMAT MULTICOLOUR STRIPE,2
15061,548406,REGENCY CAKESTAND 3 TIER,2
15061,537618,PACK OF 72 RETROSPOT CAKE CASES,2
15061,538998,MEASURING TAPE BABUSHKA RED,2
15061,568536,SLEEPING CAT ERASERS,2
15061,574534,SLEEPING CAT ERASERS,2
15061,579284,GUMBALL COAT RACK,2
15061,538191,MEASURING TAPE BABUSHKA PINK,2
15061,555934,GUMBALL COAT RACK,2
15061,569724,WRAP PINK FAIRY CAKES,2
15061,538191,REGENCY CAKESTAND 3 TIER,2
15061,540648,GUMBALL COAT RACK,2
15061,559139,CLOTHES PEGS RETROSPOT PACK 24,2
15061,574534,RED RETROSPOT WRAP,2
15061,536783,MAGIC DRAWING SLATE PURDEY,2
15061,546526,GUMBALL COAT RACK,2
15061,552888,WRAP PINK FAIRY CAKES,2
15061,536786,VICTORIAN SEWING KIT,2
15061,541488,WOODLAND CHARLOTTE BAG,2
15061,568533,HANGING JAM JAR T-LIGHT HOLDERS,2
15061,568538,BLUE POLKADOT WRAP,2
15061,536784,BLUE POLKADOT WRAP,2
15061,579284,PINK POLKADOT WRAP,2
15061,536784,MEASURING TAPE BABUSHKA RED,2
15061,552888,REGENCY CAKESTAND 3 TIER,2
15061,536783,SET 7 BABUSHKA NESTING BOXES,2
15061,547419,CLOTHES PEGS RETROSPOT PACK 24,2
15061,551976,DOORMAT ENGLISH ROSE,2
15061,536783,MEASURING TAPE BABUSHKA RED,2
15061,548406,SPACEBOY LUNCH BOX,2
15061,568538,LUNCH BOX I LOVE LONDON,2
15061,560924,SET OF 6 TEA TIME BAKING CASES,2
15061,562286,DOLLY GIRL LUNCH BOX,2
15061,574534,PINK POLKADOT WRAP,2
15061,540648,DOORMAT ENGLISH ROSE,2
15061,557572,HANGING JAM JAR T-LIGHT HOLDER,2
15061,568536,SET OF 4 PANTRY JELLY MOULDS,2
15061,540939,MINI JIGSAW BAKE A CAKE,2
15061,568536,CLOTHES PEGS RETROSPOT PACK 24,2
15061,536784,MEASURING TAPE BABUSHKA BLUE,2
15061,540649,MAGIC DRAWING SLATE SPACEBOY,2
15061,542143,DOORMAT HEARTS,2
15061,536783,MEASURING TAPE BABUSHKA PINK,2
15061,536783,COWBOYS AND INDIANS BIRTHDAY CARD,2
15061,569724,REGENCY CAKESTAND 3 TIER,2
15061,537618,PACK OF 6 BIRDY GIFT TAGS,2
15061,538998,DOORMAT ENGLISH ROSE,2
15061,536788,CLOTHES PEGS RETROSPOT PACK 24,2
15061,560925,DOORMAT ENGLISH ROSE,2
15061,536783,GUMBALL COAT RACK,2
15061,577487,SET OF 6 TEA TIME BAKING CASES,2
15061,536783,DOORMAT RED RETROSPOT,2
15061,574534,CLOTHES PEGS RETROSPOT PACK 24,2
15061,536784,MAGIC DRAWING SLATE BAKE A CAKE,2
15061,542143,WOODLAND CHARLOTTE BAG,2
15061,536784,DOORMAT NEW ENGLAND,2
15061,538191,BOX OF 24 COCKTAIL PARASOLS,2
15061,538191,HANGING JAM JAR T-LIGHT HOLDER,2
15061,555934,RED RETROSPOT WRAP,2
15061,560925,DOORMAT MULTICOLOUR STRIPE,2
15061,568537,REGENCY CAKESTAND 3 TIER,2
15061,536783,MAGIC DRAWING SLATE DOLLY GIRL,2
15061,538191,MEASURING TAPE BABUSHKA BLUE,2
15061,538998,CLOTHES PEGS RETROSPOT PACK 24,2
15061,540648,SPACEBOY LUNCH BOX,2
15061,536784,MAGIC DRAWING SLATE SPACEBOY,2
15061,546527,WOODLAND CHARLOTTE BAG,2
15061,561532,SET OF 6 TEA TIME BAKING CASES,2
15061,579284,ROUND SNACK BOXES SET OF 4 FRUITS,2
15061,536784,MAGIC DRAWING SLATE PURDEY,2
15061,536784,MAGIC DRAWING SLATE DOLLY GIRL,2
15061,547419,REGENCY CAKESTAND 3 TIER,2
15061,548406,HANGING JAM JAR T-LIGHT HOLDER,2
15061,538191,DOORMAT NEW ENGLAND,2
15061,562286,DOORMAT MULTICOLOUR STRIPE,2
15061,536783,SLEEPING CAT ERASERS,2
15061,536784,PACK OF 6 BIRDY GIFT TAGS,2
15061,551976,CLOTHES PEGS RETROSPOT PACK 24,2
15061,552888,MAGIC DRAWING SLATE DOLLY GIRL,2
15061,579284,DOORMAT RED RETROSPOT,2
15061,537618,PORCELAIN BUDAH INCENSE HOLDER,2
15061,540648,DOORMAT NEW ENGLAND,2
15061,547419,WRAP PINK FAIRY CAKES,2
15061,552888,LUNCH BOX I LOVE LONDON,2
15061,537618,MINI JIGSAW BUNNIES,2
15061,574534,DOLLY GIRL LUNCH BOX,2
15061,572193,MINI PLAYING CARDS SPACEBOY,2
15061,537618,ROTATING SILVER ANGELS T-LIGHT HLDR,2
15061,542143,CLOTHES PEGS RETROSPOT PACK 24,2
15061,538191,DOORMAT RED RETROSPOT,2
15061,538998,ROTATING SILVER ANGELS T-LIGHT HLDR,2
15061,568533,GUMBALL COAT RACK,2
15061,580873,SET OF 12 FAIRY CAKE BAKING CASES,2
15061,577487,HANGING JAM JAR T-LIGHT HOLDERS,2
15061,536783,MEASURING TAPE BABUSHKA BLUE,2
15061,536785,ANTIQUE SILVER TEA GLASS ETCHED,2
15061,548940,VICTORIAN SEWING KIT,2
15061,538191,DOORMAT MULTICOLOUR STRIPE,2
15061,580873,REGENCY CAKESTAND 3 TIER,2
15061,536783,LUNCH BOX I LOVE LONDON,2
15061,540648,WOODLAND CHARLOTTE BAG,2
15061,569724,SLEEPING CAT ERASERS,2
15061,557573,HANGING JAM JAR T-LIGHT HOLDER,2
15061,580873,LUNCH BOX I LOVE LONDON,2
15061,538998,REGENCY CAKESTAND 3 TIER,2
15061,541488,LUNCH BOX I LOVE LONDON,2
15061,562286,BLUE POLKADOT WRAP,2
15061,560925,LUNCH BOX I LOVE LONDON,2
15061,562286,RED RETROSPOT WRAP,2
15061,579284,SET 7 BABUSHKA NESTING BOXES,2
15061,552888,BLUE POLKADOT WRAP,2
15061,574534,JAM MAKING SET WITH JARS,2
15061,574534,SPACEBOY LUNCH BOX,2
15061,536784,HANGING JAM JAR T-LIGHT HOLDER,2
15061,537618,MAGIC DRAWING SLATE GO TO THE FAIR,2
15061,559139,DOORMAT MULTICOLOUR STRIPE,2
15061,568536,MAGIC DRAWING SLATE DOLLY GIRL,2
15061,538998,VICTORIAN SEWING KIT,2
15061,552888,DOORMAT MULTICOLOUR STRIPE,2
15061,580873,CHRISTMAS LIGHTS 10 REINDEER,2
15061,538998,MINI JIGSAW PURDEY,2
15061,540648,DOLLY GIRL LUNCH BOX,2
15061,545413,PINK POLKADOT WRAP,2
15061,536783,ROUND SNACK BOXES SET OF 4 FRUITS,2
15061,537618,HANGING JAM JAR T-LIGHT HOLDER,2
15061,559139,BLUE POLKADOT WRAP,2
15061,546526,DOORMAT MULTICOLOUR STRIPE,2
15061,547419,PINK POLKADOT WRAP,2
15061,559139,PINK POLKADOT WRAP,2
15061,568533,SPACEBOY LUNCH BOX,2
15061,536783,HAND OPEN SHAPE GOLD,2
15061,540648,MAGIC DRAWING SLATE DOLLY GIRL,2
15061,547419,BLUE POLKADOT WRAP,2
15061,538192,DOORMAT MULTICOLOUR STRIPE,2
15061,552888,SPACEBOY LUNCH BOX,2
15061,538191,PACK OF 72 RETROSPOT CAKE CASES,2
15061,536783,PACK OF 72 RETROSPOT CAKE CASES,2
15061,536784,WOODLAND CHARLOTTE BAG,2
15061,577487,ROUND SNACK BOXES SET OF 4 FRUITS,2
15061,538998,WOODLAND CHARLOTTE BAG,2
15061,536784,ROTATING SILVER ANGELS T-LIGHT HLDR,2
15061,568533,SET OF 12 FAIRY CAKE BAKING CASES,2
15061,574534,DOORMAT RED RETROSPOT,2
15061,577487,SET OF 12 FAIRY CAKE BAKING CASES,2
15061,546526,ROUND SNACK BOXES SET OF 4 FRUITS,2
15061,580873,SPACEBOY LUNCH BOX,2
15061,547419,ROUND SNACK BOXES SET OF 4 FRUITS,2
15061,557572,REGENCY CAKESTAND 3 TIER,2
15061,538998,LUNCH BOX I LOVE LONDON,2
15061,541488,HANGING JAM JAR T-LIGHT HOLDER,2
15061,562286,PINK POLKADOT WRAP,2
15061,580873,60 CAKE CASES VINTAGE CHRISTMAS,2
15061,536785,ASSORTED COLOUR BIRD ORNAMENT,2
15061,568538,DOORMAT ENGLISH ROSE,2
15061,568536,RED RETROSPOT WRAP,2
15061,577487,MAGIC DRAWING SLATE DOLLY GIRL,2
15061,546540,ROUND SNACK BOXES SET OF 4 FRUITS,2
15061,547419,DOLLY GIRL LUNCH BOX,2
15061,580873,BOX OF 6 CHRISTMAS CAKE DECORATIONS,2
15061,536786,BAKING SET SPACEBOY DESIGN,2
15061,536783,HANGING JAM JAR T-LIGHT HOLDER,2
15061,547419,SLEEPING CAT ERASERS,2
15061,541488,BOX OF 24 COCKTAIL PARASOLS,2
15061,536784,RED RETROSPOT WRAP,2
15061,548406,DOLLY GIRL LUNCH BOX,2
15061,572193,BUNDLE OF 3 ALPHABET EXERCISE BOOKS,2
15061,579284,WRAP PINK FAIRY CAKES,2
15061,562286,HANGING JAM JAR T-LIGHT HOLDER,2
15061,536783,MAGIC DRAWING SLATE BAKE A CAKE,2
15061,538998,BLACK LOVE BIRD T-LIGHT HOLDER,2
15061,547419,DOORMAT MULTICOLOUR STRIPE,2
15061,541488,SPACEBOY LUNCH BOX,2
15061,545412,WOODLAND CHARLOTTE BAG,2
15061,551976,REGENCY CAKESTAND 3 TIER,2
15061,560925,REGENCY CAKESTAND 3 TIER,2
15061,537618,MAGIC DRAWING SLATE PURDEY,2
15061,536783,6 RIBBONS ELEGANT CHRISTMAS,2
15061,552888,DOLLY GIRL LUNCH BOX,2
15061,562286,CLOTHES PEGS RETROSPOT PACK 24,2
15061,540648,CLOTHES PEGS RETROSPOT PACK 24,2
15061,540648,MINI PAINT SET VINTAGE,2
15061,560925,SET 7 BABUSHKA NESTING BOXES,2
15061,580873,CLOTHES PEGS RETROSPOT PACK 24,2
15061,536783,DOORMAT ENGLISH ROSE,2
15061,574534,SET 7 BABUSHKA NESTING BOXES,2
15061,536785,REGENCY CAKESTAND 3 TIER,2
15061,557572,DOORMAT RED RETROSPOT,2
15061,560925,CLOTHES PEGS RETROSPOT PACK 24,2
15061,568538,ROUND SNACK BOXES SET OF 4 FRUITS,2
15061,552888,ANTIQUE SILVER T-LIGHT GLASS,2
15061,560924,SET OF 4 PANTRY JELLY MOULDS,2
15061,580873,ROUND SNACK BOXES SET OF 4 FRUITS,2
15061,536783,BOX OF 24 COCKTAIL PARASOLS,2
15061,548406,GUMBALL COAT RACK,2
15061,574534,BLUE POLKADOT WRAP,2
15061,536783,VICTORIAN SEWING KIT,2
15061,538998,PACK OF 6 BIRDY GIFT TAGS,2
15061,559139,GUMBALL COAT RACK,2
15061,568538,DOORMAT NEW ENGLAND,2
15061,546526,CLOTHES PEGS RETROSPOT PACK 24,2
15061,552888,ROUND SNACK BOXES SET OF 4 FRUITS,2
15061,579284,REGENCY CAKESTAND 3 TIER,2
15061,536783,"ELEPHANT, BIRTHDAY CARD,",2
15061,536784,SPACEBOY LUNCH BOX,2
15061,537618,SPACEBOY LUNCH BOX,2
15061,542143,DOORMAT NEW ENGLAND,2
15061,540649,MINI PAINT SET VINTAGE,2
15061,542143,DOORMAT RED RETROSPOT,2
15061,546540,PINK POLKADOT WRAP,2
15061,572193,CHRISTMAS LIGHTS 10 REINDEER,2
15061,579284,SET OF 6 TEA TIME BAKING CASES,2
15061,537618,REGENCY CAKESTAND 3 TIER,2
15061,540649,DOLLY GIRL LUNCH BOX,2
15061,560924,SET OF 12 FAIRY CAKE BAKING CASES,2
15061,538195,DOORMAT ENGLISH ROSE,2
15061,561532,SET OF 4 PANTRY JELLY MOULDS,2
15061,580873,JAM MAKING SET WITH JARS,2
15061,537618,GUMBALL COAT RACK,2
15061,538191,LUNCH BOX I LOVE LONDON,2
15061,548406,RED RETROSPOT WRAP,2
15061,579284,SET OF 4 PANTRY JELLY MOULDS,2
15061,536785,APPLE BATH SPONGE,2
15061,546540,HANGING JAM JAR T-LIGHT HOLDER,2
15061,555934,DOORMAT RED RETROSPOT,2
15061,536784,PACK OF 72 RETROSPOT CAKE CASES,2
15061,540648,HANGING JAM JAR T-LIGHT HOLDER,2
15061,547419,LUNCH BOX I LOVE LONDON,2
15061,560925,ROUND SNACK BOXES SET OF 4 FRUITS,2
15061,561532,SET OF 12 FAIRY CAKE BAKING CASES,2
15061,572193,MINI PLAYING CARDS FUN FAIR,2
15061,546540,GUMBALL COAT RACK,2
15061,536783,BLUE POLKADOT WRAP,2
15061,572193,60 CAKE CASES VINTAGE CHRISTMAS,2
15061,536783,WOODLAND CHARLOTTE BAG,2
15061,545412,ROUND SNACK BOXES SET OF 4 FRUITS,2
15061,579284,60 CAKE CASES VINTAGE CHRISTMAS,2
15061,579284,DOLLY GIRL LUNCH BOX,2
15097,580664,PEACE WOODEN BLOCK LETTERS,0
15097,580664,RETROSPOT CIGAR BOX MATCHES,0
15097,580664,VANILLA INCENSE IN TIN,0
15097,580664,DOORMAT KEEP CALM AND COME IN,0
15097,580664,SMALL REGAL  SILVER CANDLEPOT,0
15097,580664,SET OF 4 ROSE BOTANICAL CANDLES,0
15097,580664,SET OF 12 MINI LOAF BAKING CASES,0
15097,580664,ANTIQUE SILVER TEA GLASS ENGRAVED,0
15097,580664,SET OF 4 DIAMOND NAPKIN RINGS,0
15097,580664,WALL ART STOP FOR TEA,0
15097,580664,FRENCH ENAMEL CANDLEHOLDER,0
15097,580664,4 VANILLA BOTANICAL CANDLES,0
15097,580664,SET OF 6 SNACK LOAF BAKING CASES,0
15097,580664,SET OF 6 TEA TIME BAKING CASES,0
15097,580664,SET OF 4 NAPKIN CHARMS CUTLERY,0
15097,580664,VICTORIAN  METAL POSTCARD SPRING,0
15097,580664,JOY WOODEN BLOCK LETTERS,0
15097,580664,WALL ART DOG LICENCE,0
15097,580664,GLASS HEART T-LIGHT HOLDER,0
15097,580664,T-LIGHT GLASS FLUTED ANTIQUE,0
15097,580664,ZINC WILLIE WINKIE  CANDLE STICK,0
15097,580664,SET OF 4 NAPKIN CHARMS CROWNS,0
15097,580664,HANGING JAM JAR T-LIGHT HOLDERS,0
15097,580664,VINTAGE JINGLE BELLS HEART,0
15097,580664,SET OF 4 NAPKIN CHARMS HEARTS,0
15549,542399,RETROSPOT HEART HOT WATER BOTTLE,0
15549,542399,GINGERBREAD MAN COOKIE CUTTER,0
15549,542399,ROMANTIC PINKS RIBBONS,0
15549,542399,POPPY'S PLAYHOUSE BEDROOM,0
15549,559009,GIANT 50'S CHRISTMAS CRACKER,0
15549,542399,ROUND CAKE TIN VINTAGE GREEN,0
15549,542399,SET OF 6 HEART CHOPSTICKS,0
15549,559009,ZINC HERB GARDEN CONTAINER,0
15549,559009,RIBBON REEL SOCKS AND MITTENS,0
15549,542399,CREAM FELT EASTER EGG BASKET,0
15549,542399,MODERN FLORAL STATIONERY SET,0
15549,542399,BAKING MOULD ROSE WHITE CHOCOLATE,0
15549,559009,SET/20 STRAWBERRY PAPER NAPKINS,0
15549,568132,SILVER BELLS TABLE DECORATION,0
15549,542399,POPPY'S PLAYHOUSE KITCHEN,0
15549,542399,ROSE FOLKART HEART DECORATIONS,0
15549,559009,SET OF 20 VINTAGE CHRISTMAS NAPKINS,0
15549,568132,SET OF 72 PINK HEART PAPER DOILIES,0
15549,568132,IVORY STRING CURTAIN WITH POLE,0
15549,559009,BLUE POLKADOT KIDS BAG,0
15549,542399,NATURAL SLATE HEART CHALKBOARD,0
15549,542399,PINK HEART SHAPE EGG FRYING PAN,0
15549,568132,ROMANTIC PINKS RIBBONS,0
15549,559009,JUMBO BAG 50'S CHRISTMAS,0
15549,542399,LOVE HEART POCKET WARMER,0
15549,542399,FLORAL FOLK STATIONERY SET,0
15549,559009,WOODEN CROQUET GARDEN SET,0
15549,559009,MAKE YOUR OWN PLAYTIME CARD KIT,0
15549,542399,HOT WATER BOTTLE I AM SO POORLY,0
15549,559009,PAPER CHAIN KIT 50'S CHRISTMAS,0
15549,559009,GROW A FLYTRAP OR SUNFLOWER IN TIN,0
15549,559009,BIRTHDAY PARTY CORDON BARRIER TAPE,0
15549,542399,MAKE YOUR OWN FLOWERPOWER CARD KIT,0
15549,542399,JAM MAKING SET WITH JARS,0
15549,542399,WRAP RED APPLES,0
15549,542399,3 TIER CAKE TIN GREEN AND CREAM,0
15549,559009,POPPY'S PLAYHOUSE BATHROOM,0
15549,559009,DOUGHNUT LIP GLOSS,0
15549,542399,DOORMAT HEARTS,0
15549,542399,SET 3 SONG BIRD PAPER EGGS ASSORTED,0
15549,542399,SET 3 PAPER VINTAGE CHICK PAPER EGG,0
15549,542399,POPPY'S PLAYHOUSE BATHROOM,0
15549,559009,SLATE TILE NATURAL HANGING,0
15549,542399,POPPY'S PLAYHOUSE LIVINGROOM,0
15549,559009,GARDENIA 3 WICK MORRIS BOXED CANDLE,0
15549,559009,RIBBON REEL CHRISTMAS PRESENT,0
15549,542399,DOORMAT UNION JACK GUNS AND ROSES,0
15549,559009,PAPER LANTERN 7 POINT SNOW STAR,0
15549,559009,REVOLVER WOODEN RULER,0
15549,542399,OFFICE MUG WARMER POLKADOT,0
15549,542399,BRIGHT BLUES RIBBONS,0
15549,568132,SET OF 3 BIRD LIGHT PINK FEATHER,0
15549,542399,CHOCOLATE BOX RIBBONS,0
15549,568132,Manual,0
15549,559009,SCANDINAVIAN REDS RIBBONS,0
15549,542399,PACK OF 12 STICKY BUNNIES,0
15549,542399,CUPCAKE LACE PAPER SET 6,0
15549,559009,POPPY'S PLAYHOUSE LIVINGROOM,0
15549,542399,PLASTERS IN TIN STRONGMAN,0
15549,542399,OFFICE MUG WARMER BLACK+SILVER,0
15549,542399,OFFICE MUG WARMER PINK,0
15549,568132,CLASSIC GLASS COOKIE JAR,0
15549,542399,DOORMAT RED RETROSPOT,0
15549,542399,CHICK GREY HOT WATER BOTTLE,0
15549,559009,FELTCRAFT CUSHION OWL,0
15549,559009,ZINC HERB GARDEN CONTAINER,0
15549,559009,SET/20 RED RETROSPOT PAPER NAPKINS,0
15549,559009,BLUE POLKADOT KIDS BAG,0
15549,559009,WOODEN SKITTLES GARDEN SET,0
15549,559009,SET OF 2 TEA TOWELS APPLE AND PEARS,0
15549,542399,36 FOIL HEART CAKE CASES,0
15549,542399,GREY HEART HOT WATER BOTTLE,0
15549,568132,BLUE HARMONICA IN BOX,0
15549,559009,NATURAL SLATE RECTANGLE CHALKBOARD,0
15549,542399,BAKING MOULD EASTER EGG WHITE CHOC,0
15549,559009,PAPER LANTERN 5 POINT SEQUIN STAR,0
15549,559009,RIBBON REEL CHRISTMAS SOCK BAUBLE,0
15549,559009,POPPY'S PLAYHOUSE BEDROOM,0
15549,542399,FUNKY WASHING UP GLOVES ASSORTED,0
15549,542399,TOAST ITS - I LOVE YOU,0
15549,559009,SPOTTY BUNTING,0
15549,568132,PLAYING CARDS KEEP CALM & CARRY ON,0
15549,559009,WOODEN UNION JACK BUNTING,0
15549,542399,DOORMAT UNION JACK GUNS AND ROSES,0
15549,542399,DOORMAT WELCOME PUPPIES,0
15549,559009,GARDENERS KNEELING PAD CUP OF TEA,0
15549,559009,PACK OF 20 NAPKINS RED APPLES,0
15549,559009,GIRAFFE WOODEN RULER,0
15549,542399,PACK 3 BOXES BIRD PANNETONE,0
15549,542399,CALENDAR PAPER CUT DESIGN,0
15549,559009,CHRISTMAS CRAFT TREE TOP ANGEL,0
15549,559009,GARDENERS KNEELING PAD KEEP CALM,0
15549,559009,GARDENIA 1 WICK MORRIS BOXED CANDLE,0
15549,542399,RECIPE BOX PANTRY YELLOW DESIGN,0
15549,542399,DOORMAT NEIGHBOURHOOD WITCH,0
15549,568132,BIRDCAGE DECORATION TEALIGHT HOLDER,0
15549,542399,SET OF 6 T-LIGHTS EASTER CHICKS,0
15549,542399,SET OF 6 HEART CHOPSTICKS,0
15549,542399,SET OF 4 NAPKIN CHARMS HEARTS,0
15549,542399,CAMOUFLAGE EAR MUFF HEADPHONES,0
15549,559009,PAPER CHAIN KIT VINTAGE CHRISTMAS,0
15549,559009,IVORY CAFE HANGING LAMP,0
15549,542399,GREEN METAL SWINGING BUNNY,0
15549,542399,PHOTO FRAME CORNICE,0
15549,542399,RED RETROSPOT STORAGE JAR,0
15549,542399,PACK OF 12 HEARTS DESIGN TISSUES,0
15549,542399,EASTER TREE YELLOW BIRDS,0
15549,568132,GREEN METAL BOX ARMY SUPPLIES,0
15549,542399,OFFICE MUG WARMER POLKADOT,0
15549,542399,BAKING MOULD CHOCOLATE CUPCAKES,0
15549,559009,POPPY'S PLAYHOUSE KITCHEN,0
15549,542399,GARLAND WOODEN HAPPY EASTER,0
15549,542399,WRAP GREEN PEARS,0
15549,559009,WOODEN ROUNDERS GARDEN SET,0
15958,568322,DAIRY MAID TOASTRACK,0
15958,568322,CLASSIC FRENCH STYLE BASKET BROWN,0
15958,568322,PACK OF 20 NAPKINS PANTRY DESIGN,0
15958,568322,BIRD HOUSE HOT WATER BOTTLE,0
15958,568322,RECYCLED ACAPULCO MAT RED,0
15958,568322,RECYCLED ACAPULCO MAT BLUE,0
15958,568322,SET OF 2 TEA TOWELS APPLE AND PEARS,0
16516,575360,SET OF 3 BUTTERFLY COOKIE CUTTERS,0
16516,575360,RIBBON REEL STRIPES DESIGN,0
16516,575360,SET OF 3 HEART COOKIE CUTTERS,0
16516,575360,REGENCY CAKE FORK,0
16516,575360,PINK FAIRY CAKE CHILDRENS APRON,0
16516,575360,REGENCY CAKE SLICE,0
17101,556797,HERB MARKER PARSLEY,0
17101,575509,GLASS APOTHECARY BOTTLE ELIXIR,0
17101,571844,GLASS APOTHECARY BOTTLE ELIXIR,0
17101,556797,"FANCY FONT BIRTHDAY CARD,",0
17101,575509,POPCORN HOLDER,0
17101,571844,JUMBO BAG ALPHABET,0
17101,575509,WALL ART ONLY ONE PERSON,0
17101,571844,GARDENERS KNEELING PAD CUP OF TEA,0
17101,579449,JUMBO BAG ALPHABET,0
17101,571844,GARDENERS KNEELING PAD KEEP CALM,0
17101,556797,GLASS APOTHECARY BOTTLE PERFUME,0
17101,556797,HERB MARKER MINT,0
17101,571844,WALL ART BICYCLE SAFETY,0
17101,571844,HOT WATER BOTTLE KEEP CALM,0
17101,556797,SPACEBOY LUNCH BOX,0
17101,571844,LOVE HOT WATER BOTTLE,0
17101,556797,GLASS APOTHECARY BOTTLE TONIC,0
17101,556797,SMALL POPCORN HOLDER,0
17101,556797,SPACEBOY BIRTHDAY CARD,0
17101,571844,3 TIER CAKE TIN GREEN AND CREAM,0
17101,556797,LUNCH BAG ALPHABET DESIGN,0
17101,556797,RED METAL BOX TOP SECRET,0
17101,575509,GLASS APOTHECARY BOTTLE PERFUME,0
17101,571844,WALL ART SPACEBOY,0
17101,556797,HERB MARKER ROSEMARY,0
17101,575509,JUMBO BAG ALPHABET,0
17101,556797,HERB MARKER BASIL,0
17101,575509,CHARLOTTE BAG VINTAGE ALPHABET,0
17101,556797,ABC TREASURE BOOK BOX,0
17101,556797,JUMBO BAG ALPHABET,0
17101,575509,GLASS APOTHECARY BOTTLE TONIC,0
17101,556797,PETIT TRAY CHIC,0
17101,571844,POPCORN HOLDER,0
17101,571844,GLASS APOTHECARY BOTTLE TONIC,0
17101,556797,TREASURE ISLAND BOOK BOX,0
17101,575509,SPACEBOY LUNCH BOX,0
17101,579449,POPCORN HOLDER,0
17101,571844,WALL ART ONLY ONE PERSON,0
17101,571844,PLAYING CARDS KEEP CALM & CARRY ON,0
17101,556797,GLASS APOTHECARY BOTTLE ELIXIR,0
17101,571844,WALL ART DOG LICENCE,0
17101,571844,GLASS APOTHECARY BOTTLE PERFUME,0
17861,580982,I LOVE LONDON BABY GIFT SET,0
17861,561378,SET OF 6 SNACK LOAF BAKING CASES,0
17861,548510,ENAMEL BREAD BIN CREAM,0
17861,548510,QUEENS GUARD COFFEE MUG,0
17861,559133,FOLDING BUTTERFLY MIRROR HOT PINK,0
17861,559133,TREASURE TIN BUFFALO BILL,0
17861,580982,QUEEN OF THE SKIES PASSPORT COVER,0
17861,580982,DAIRY MAID LARGE MILK JUG,0
17861,559133,VINTAGE SNAP CARDS,0
17861,559133,WRAP I LOVE LONDON,0
17861,580982,SWEETHEART CERAMIC TRINKET BOX,0
17861,559133,PACK OF 6 SKULL PAPER CUPS,0
17861,576555,LUNCH BOX I LOVE LONDON,0
17861,580982,SPACEBOY BABY GIFT SET,0
17861,559133,PARTY CHARMS 50 PIECES,0
17861,559133,WOODEN SKITTLES GARDEN SET,0
17861,561378,CAKE PLATE LOVEBIRD WHITE,0
17861,580982,RABBIT NIGHT LIGHT,0
17861,541916,PINK 3 PIECE POLKADOT CUTLERY SET,0
17861,559133,LUNCH BAG SPACEBOY DESIGN,0
17861,559133,CHILDS GARDEN FORK BLUE,0
17861,559133,SPACEBOY BABY GIFT SET,0
17861,580982,CHRISTMAS RETROSPOT ANGEL WOOD,0
17861,559133,I LOVE LONDON BABY GIFT SET,0
17861,559133,SWEETHEART CAKESTAND 3 TIER,0
17861,580982,WALL ART TREASURE AHOY,0
17861,559133,WATERING CAN PINK BUNNY,0
17861,559133,SET OF 5 MINI GROCERY MAGNETS,0
17861,548510,RETROSPOT PARTY BAG + STICKER SET,0
17861,559133,CHILDRENS CUTLERY DOLLY GIRL,0
17861,548510,WRAP I LOVE LONDON,0
17861,548510,RED RETROSPOT MINI CASES,0
17861,559133,FLYING PIG WATERING CAN,0
17861,580982,ROLL WRAP VINTAGE SPOT,0
17861,559133,BAKING SET SPACEBOY DESIGN,0
17861,580982,ROBOT BIRTHDAY CARD,0
17861,548510,RETROSPOT TEA SET CERAMIC 11 PC,0
17861,580982,CLOTHES PEGS RETROSPOT PACK 24,0
17861,559133,TRADITIONAL KNITTING NANCY,0
17861,559133,BAG 125g SWIRLY MARBLES,0
17861,580982,GIANT 50'S CHRISTMAS CRACKER,0
17861,559133,ICE CREAM PEN LIP GLOSS,0
17861,580982,GLITTER CHRISTMAS STAR,0
17861,580982,BOX OF 6 MINI 50'S CRACKERS,0
17861,575611,WRAP VINTAGE LEAF DESIGN,0
17861,559133,LUNCH BAG DOILEY PATTERN,0
17861,559133,SET/20 STRAWBERRY PAPER NAPKINS,0
17861,559133,4 TRADITIONAL SPINNING TOPS,0
17861,576555,EGG CUP MILKMAID HELGA,0
17861,548510,FELTCRAFT PRINCESS CHARLOTTE DOLL,0
17861,559133,COWBOYS AND INDIANS BIRTHDAY CARD,0
17861,559133,RABBIT NIGHT LIGHT,0
17861,559133,BAKING SET 9 PIECE RETROSPOT,0
17861,575611,MAGIC TREE -PAPER FLOWERS,0
17861,580982,SPACEBOY ROCKET LOLLY MAKERS,0
17861,559133,SET/10 RED POLKADOT PARTY CANDLES,0
17861,580982,LUNCH BAG  BLACK SKULL.,0
17861,548510,SKULLS AND CROSSBONES WRAP,0
17861,559133,GIRLS VINTAGE TIN SEASIDE BUCKET,0
17861,541916,CHILDS BREAKFAST SET SPACEBOY,0
17861,559133,WRAP CIRCUS PARADE,0
17861,575611,WRAP I LOVE LONDON,0
17861,559133,BALLOON PUMP WITH 10 BALLOONS,0
17861,548510,STRAWBERRY RAFFIA FOOD COVER,0
17861,559133,QUEENS GUARD COFFEE MUG,0
17861,559133,WOODEN ROUNDERS GARDEN SET,0
17861,580982,RED METAL BOX TOP SECRET,0
17861,561378,LUNCH BOX I LOVE LONDON,0
17861,559133,MAGIC TREE -PAPER FLOWERS,0
17861,559133,SMALL SKULL WINDMILL,0
17861,580982,WHITE ROCKING HORSE HAND PAINTED,0
17861,559133,DOUGHNUT LIP GLOSS,0
17861,559133,GROW A FLYTRAP OR SUNFLOWER IN TIN,0
17861,559133,SET OF 9 HEART SHAPED BALLOONS,0
17861,548510,FANCY FONTS BIRTHDAY WRAP,0
17861,561378,CHILDRENS APRON APPLES DESIGN,0
17861,561378,SET OF 6 TEA TIME BAKING CASES,0
17861,580982,VINTAGE HEADS AND TAILS CARD GAME,0
17861,559133,LUNCH BAG RED RETROSPOT,0
17861,580982,KEY RING BASEBALL BOOT UNION JACK,0
17861,559133,WORLD WAR 2 GLIDERS ASSTD DESIGNS,0
17861,575611,RED RETROSPOT WRAP,0
17861,559133,TOADSTOOL BEDSIDE LIGHT,0
17861,575611,WRAP ALPHABET DESIGN,0
17861,580982,GLITTER BUTTERFLY CLIPS,0
17861,580982,SKULLS GREETING CARD,0
17861,580982,CLASSIC CHROME BICYCLE BELL,0
17861,559133,CIRCUS PARADE BABY GIFT SET,0
17861,559133,SET/10 BLUE POLKADOT PARTY CANDLES,0
17861,580982,ICE CREAM BUBBLES,0
17861,575611,EMPIRE GIFT WRAP,0
17861,580982,RED SPOT GIFT BAG LARGE,0
17861,576555,EGG CUP HENRIETTA HEN CREAM,0
17861,580982,PAPER BUNTING RETROSPOT,0
17861,548510,PACK OF 6 SKULL PAPER PLATES,0
17861,559133,BROCADE RING PURSE,0
17861,548510,LUNCH BAG RED RETROSPOT,0
17861,559133,VINTAGE RED ENAMEL TRIM JUG,0
17861,575611,WRAP PAISLEY PARK,0
17861,541916,CAKE PLATE LOVEBIRD WHITE,0
17861,548510,LUNCH BAG  BLACK SKULL.,0
17861,580982,BLUE HARMONICA IN BOX,0
17861,580982,CHARLOTTE BAG VINTAGE ALPHABET,0
17861,548510,SKULLS PARTY BAG + STICKER SET,0
17861,559133,GLITTER HANGING BUTTERFLY STRING,0
17861,576555,EGG CUP MILKMAID HEIDI,0
17861,559133,PACK OF 6 COCKTAIL PARASOL STRAWS,0
17861,559133,SKULLS PARTY BAG + STICKER SET,0
17861,580982,COWBOYS AND INDIANS BIRTHDAY CARD,0
17861,580982,DOILY THANK YOU CARD,0
17861,541916,BLUE 3 PIECE POLKADOT CUTLERY SET,0
17861,580982,VINTAGE RED TRIM ENAMEL BOWL,0
17861,576555,RETRO PLASTIC 70'S TRAY,0
17861,576555,SET OF 12 FAIRY CAKE BAKING CASES,0
17861,559133,CARD I LOVE LONDON,0
17861,559133,STRAWBERRY CERAMIC TRINKET BOX,0
17861,580982,TV DINNER TRAY AIR HOSTESS,0
17861,576555,CAKE PLATE LOVEBIRD WHITE,0
17861,548510,HEART SHAPE WIRELESS DOORBELL,0
17861,559133,GLITTER BUTTERFLY CLIPS,0
17861,548510,WHITE BAMBOO RIBS LAMPSHADE,0
17861,559133,SET OF 5 PANCAKE DAY MAGNETS,0
17861,548510,PACK OF 12 LONDON TISSUES,0
17861,559133,SET/20 RED RETROSPOT PAPER NAPKINS,0
17861,548510,WORLD WAR 2 GLIDERS ASSTD DESIGNS,0
17861,559133,SET OF 6 SOLDIER SKITTLES,0
17861,580982,KEY RING BASEBALL BOOT ASSORTED,0
17861,559133,WATERING CAN GREEN DINOSAUR,0
17861,559133,WOODEN BOX OF DOMINOES,0
17861,580982,REVOLVER WOODEN RULER,0
17861,559133,PACK OF 6 SMALL FRUIT STRAWS,0
17861,541916,CARD I LOVE LONDON,0
17861,580982,WALL ART HORSE & PONY,0
17861,580982,ELEPHANT BIRTHDAY CARD,0
17861,576555,EGG CUP MILKMAID INGRID,0
17861,548510,RED  HARMONICA IN BOX,0
17861,559133,NOVELTY BISCUITS CAKE STAND 3 TIER,0
17861,548510,BAKING SET 9 PIECE RETROSPOT,0
17861,559133,COCKTAIL SWORDS 50 PIECES,0
17861,559133,TREASURE TIN GYMKHANA DESIGN,0
17861,559133,WRAP GINGHAM ROSE,0
17861,559133,SKULLS AND CROSSBONES WRAP,0
17861,580982,GIRAFFE WOODEN RULER,0
17861,541916,SET OF 3 HEART COOKIE CUTTERS,0
17861,548510,EASTER CRAFT 4 CHICKS,0
17861,559133,CHILDRENS CUTLERY SPACEBOY,0
17861,548510,PACK OF 6 SKULL PAPER CUPS,0
17861,559133,SET/6 RED SPOTTY PAPER CUPS,0
17861,559133,SET/6 RED SPOTTY PAPER PLATES,0
17861,580982,GLITTER HEART DECORATION,0
17861,548510,SET/20 RED RETROSPOT PAPER NAPKINS,0
17861,576555,SET OF 6 SNACK LOAF BAKING CASES,0
17861,559133,CHILDRENS CUTLERY CIRCUS PARADE,0
17861,559133,"ELEPHANT, BIRTHDAY CARD,",0
17861,580982,WRAP ALPHABET DESIGN,0
17861,559133,TOADSTOOL BEDSIDE LIGHT,0
17861,576555,SET OF 6 TEA TIME BAKING CASES,0
17861,575611,WRAP ALPHABET POSTER,0
17861,580982,MAGIC DRAWING SLATE PURDEY,0
17861,580982,WRAP 50'S  CHRISTMAS,0
17861,559133,BOX OF VINTAGE ALPHABET BLOCKS,0
17861,548510,SET OF 20 KIDS COOKIE CUTTERS,0
17861,548510,SPACEBOY BIRTHDAY CARD,0
17861,559133,PACK OF 20 SKULL PAPER NAPKINS,0
17861,541916,CHILDS BREAKFAST SET CIRCUS PARADE,0
17861,559137,SET/6 RED SPOTTY PAPER CUPS,0
17861,576555,SOLDIERS EGG CUP,0
17861,580982,WRAP KEEP CALM BIRTHDAY,0
17861,559133,SET/10 PINK POLKADOT PARTY CANDLES,0
17861,559133,RED METAL BEACH SPADE,0
17861,580982,SPACEBOY BIRTHDAY CARD,0
17861,548510,LOVE HEART TRINKET POT,0
17861,580982,LUNCH BAG SPACEBOY DESIGN,0
17861,548510,COWBOYS AND INDIANS BIRTHDAY CARD,0
17861,559133,FOLDING BUTTERFLY MIRROR RED,0
17861,559133,SET OF 4 KNICK KNACK TINS LONDON,0
17861,580982,BROCADE RING PURSE,0
17861,580982,CHRISTMAS LIGHTS 10 REINDEER,0
17861,580982,VINTAGE CHRISTMAS STOCKING,0
17861,548510,PAPER BUNTING RETROSPOT,0
17861,559133,ICE CREAM SUNDAE LIP GLOSS,0
17861,559133,VINTAGE DONKEY TAIL GAME,0
17861,580982,CHRISTMAS CRAFT TREE TOP ANGEL,0
17861,548510,LUNCH BAG SPACEBOY DESIGN,0
17861,559133,WOODEN CROQUET GARDEN SET,0
17861,559133,FANCY FONTS BIRTHDAY WRAP,0
17861,561378,SET OF 12 MINI LOAF BAKING CASES,0
17861,576555,SET OF 12 MINI LOAF BAKING CASES,0
17861,575611,FANCY FONTS BIRTHDAY WRAP,0
17861,559133,PINK PARTY BAGS,0
17861,559133,PACK OF 6 SKULL PAPER PLATES,0
17861,580982,VINTAGE RED ENAMEL TRIM PLATE,0
17861,580982,STRAWBERRY CHARLOTTE BAG,0
17861,561378,SET OF 12 FAIRY CAKE BAKING CASES,0
17861,548510,SET/6 RED SPOTTY PAPER PLATES,0
17861,548510,SET 3 PAPER VINTAGE CHICK PAPER EGG,0
17861,559133,WATERING CAN BLUE ELEPHANT,0
17861,548510,PACK OF 20 SKULL PAPER NAPKINS,0
17861,561378,RETRO MOD TRAY,0
17861,576555,RETRO PLASTIC POLKA TRAY,0
17861,559133,PINK CREAM FELT CRAFT TRINKET BOX,0
17861,559133,TOYBOX  WRAP,0
17861,559133,SMALL RED RETROSPOT WINDMILL,0
17861,575611,SKULLS AND CROSSBONES WRAP,0
17861,580982,MOTORING TISSUE BOX,0
17861,580982,SKULL DESIGN TV DINNER TRAY,0
17861,559133,RETROSPOT PARTY BAG + STICKER SET,0
17861,548510,SET/6 RED SPOTTY PAPER CUPS,0
17861,541916,LONDON BUS COFFEE MUG,0
17861,580982,LOVE HEART TRINKET POT,0
17861,580982,SET OF 9 HEART SHAPED BALLOONS,0
17861,580982,TOAST ITS - HAPPY BIRTHDAY,0
17861,580982,CHRISTMAS RETROSPOT STAR WOOD,0
17861,559133,RETROSPOT TEA SET CERAMIC 11 PC,0
17861,575611,SPACEBOY GIFT WRAP,0
17861,580982,DISCO BALL CHRISTMAS DECORATION,0
17861,548510,SPACEBOY GIFT WRAP,0
17861,580982,RED RETROSPOT CHARLOTTE BAG,0
17861,580982,JAM MAKING SET WITH JARS,0
18259,576521,HAND WARMER SCOTTY DOG DESIGN,0
18259,566917,GLASS APOTHECARY BOTTLE ELIXIR,0
18259,566917,GLASS APOTHECARY BOTTLE PERFUME,0
18259,566917,HAND WARMER RED RETROSPOT,0
18259,566917,ANTIQUE SILVER T-LIGHT GLASS,0
18259,576521,HOT WATER BOTTLE I AM SO POORLY,0
18259,566917,CHOCOLATE HOT WATER BOTTLE,0
18259,566917,HOT WATER BOTTLE SEX BOMB,0
18259,576521,HAND WARMER OWL DESIGN,0
18259,576521,WHITE SKULL HOT WATER BOTTLE,0
18259,566917,HAND WARMER BABUSHKA DESIGN,0
18259,576521,HAND WARMER BIRD DESIGN,0
18259,566917,HOT STUFF HOT WATER BOTTLE,0
18259,566917,GLASS APOTHECARY BOTTLE TONIC,0
18259,566917,HOT WATER BOTTLE I AM SO POORLY,0
18259,576521,HAND WARMER UNION JACK,0
18259,566917,HAND WARMER RED LOVE HEART,0
18259,566917,HAND WARMER BIRD DESIGN,0
18259,576521,SCOTTIE DOG HOT WATER BOTTLE,0
18259,566917,VICTORIAN GLASS HANGING T-LIGHT,0
18259,566917,HAND WARMER OWL DESIGN,0
18259,576521,CHOCOLATE HOT WATER BOTTLE,0
18259,537813,HAND WARMER BABUSHKA DESIGN,0
18259,566917,HAND WARMER SCOTTY DOG DESIGN,0
18259,576521,HAND WARMER RED LOVE HEART,0
18259,537813,HEART OF WICKER LARGE,0
18259,576521,HAND WARMER RED RETROSPOT,0
18259,537813,WICKER STAR,0
18259,537813,CHOCOLATE HOT WATER BOTTLE,0
18259,537813,HOT WATER BOTTLE BABUSHKA,0
18259,566917,SET 6 SCHOOL MILK BOTTLES IN CRATE,0
18259,576521,CHICK GREY HOT WATER BOTTLE,0
18259,576521,KNITTED UNION FLAG HOT WATER BOTTLE,0
18259,576521,HOT WATER BOTTLE TEA AND SYMPATHY,0
18259,566917,HOT WATER BOTTLE TEA AND SYMPATHY,0
18259,566917,LOVE HOT WATER BOTTLE,0
18259,576521,HOT WATER BOTTLE KEEP CALM,0
18259,566917,SCOTTIE DOG HOT WATER BOTTLE,0
18259,537813,HAND WARMER BIRD DESIGN,0
18259,537813,HOT WATER BOTTLE TEA AND SYMPATHY,0
18259,566917,HAND WARMER UNION JACK,0
18259,566917,HOT WATER BOTTLE KEEP CALM,0
